구분,NO,작업명,엑센트(RB),아반떼(AD),i30(PD),아이오닉HEV(AE),i40세단(VF),쏘나타(LF),그랜저(IG),G70(IK),G80(DH),EQ900(HI),코나(OS),투싼(TL),싼타페(DM),그랜드스타렉스(TQ),포터2
기능정비,1,워터펌프어셈블리 및 가스켓(텐션조정포함),1.7,1.7,1.8,1.5,1.7,1.2,2.0,1.3,1.2,1.2,1.2,1.9,1.2,1.9,1.8
기능정비,2,라디에이터 어셈블리,1.1,1.2,1.2,1.7,1.5,1.4,1.3,1.3,1.2,1.2,1.3,1.3,1.6,0.7,1.0
기능정비,3,블로워 어셈블리,0.6,0.3,0.3,0.6,0.5,0.7,0.3,0.3,0.5,0.5,0.3,0.8,0.7,1.1,1.1
기능정비,4,라디에이터 상부 호스,0.4,0.4,0.4,0.4,0.4,0.3,0.3,0.5,0.9,0.9,0.4,0.3,0.3,0.3,0.7
기능정비,5,라디에이터 하부 호스,0.8,0.8,0.5,0.8,0.8,0.8,0.8,1.0,0.9,0.9,0.8,0.9,0.9,0.5,1.0
기능정비,6,리어 머플러 어셈블리(LH),0.3,0.3,0.4,0.3,0.3,0.3,0.3,0.3,0.5,0.5,0.3,0.3,0.3,0.3,0.4
기능정비,7,엔진 언더 커버(LH OR 한개),0.2,0.2,0.2,0.3,0.2,0.3,0.2,0.3,0.2,0.2,0.3,0.2,0.3,0.2,0.3
기능정비,8,프론트 머드 가드,0.2,0.2,0.2,0.2,-,0.3,0.2,0.2,0.2,0.2,0.2,0.2,0.2,0.2,0.2
기능정비,9,연료 탱크 어셈블리,1.2,1.2,1.5,1.3,1.3,1.4,1.3,2.3,2.2,2.2,1.6,1.5,1.6,1.2,0.9
기능정비,10,스로틀 바디 카본 청소,0.4,0.4,0.2,0.4,0.4,0.4,0.4,0.4,0.4,0.4,0.4,0.2,0.4,-,-
기능정비,11,클러치 릴리스 실린더 어셈블리,0.4,0.6,0.6,-,-,-,-,0.5,0.5,0.6,0.5,0.5,-,-,-
기능정비,12,파워 스티어링 오일 펌프 어셈블리,0.7,-,0.4,-,-,0.8,-,-,0.9,0.9,-,-,-,1.0,1.1
기능정비,13,파워 스티어링 오일 압력 호스 어셈블리,0.6,-,0.6,-,-,0.8,-,-,0.7,0.7,-,-,-,0.6,0.4
기능정비,14,파워 스티어링 기어 및 링키지 어셈블리,1.7,1.9,1.8,1.9,1.6,1.9,2.0,2.0,1.5,1.5,-,-,1.9,1.5,1.8
기능정비,15,파워 스티어링 및 링키지(크로스멤버 탈착후),0.5,0.5,0.5,0.5,0.5,0.5,0.5,0.5,0.5,0.5,0.5,0.5,0.5,-,-
기능정비,16,라디에이터 및 콘덴서,1.0,1.0,1.0,1.0,1.0,1.0,1.0,1.0,1.0,1.0,0.9,0.9,1.0,1.0,-
기능정비,17,라디에이터 그릴 어셈블리,0.5,0.4,0.6,1.0,0.6,0.6,0.5,0.8,0.7,0.7,0.6,0.5,0.8,0.7,-
기능정비,18,프런트 휠 가드 어셈블리 (양쪽),0.5,0.5,0.5,0.5,0.4,0.4,0.4,0.4,0.5,0.5,0.5,0.3,0.6,0.7,0.2
기능정비,19,백 패널 몰딩 어셈블리,-,-,-,-,0.6,0.6,-,-,0.6,0.6,0.4,0.4,0.5,-,-
기능정비,20,아웃사이드리어뷰미러어셈블리(LH),-,-,0.2,-,-,-,-,-,-,-,0.2,-,-,0.3,0.2
기능정비,21,아웃사이드리어뷰미러어셈블리(RH),-,-,0.2,-,-,-,-,-,-,-,0.2,-,-,0.3,0.2
기능정비,22,아웃사이드 리어 뷰 리모트 컨트롤 미러 어셈블리,0.2,0.2,0.2,0.2,0.2,0.2,0.3,0.3,0.2,0.2,0.2,0.2,0.2,0.3,0.2
기능정비,23,아웃사이드 리어 뷰 리모트 컨트롤 미러(RH),0.2,0.2,0.2,0.2,0.2,0.2,0.3,0.3,0.2,0.2,0.2,0.2,0.2,0.3,0.2
기능정비,24,아웃사이드 리어 뷰 미러 및 홀더 어셈블리 (LH),0.2,0.2,0.2,0.2,0.2,0.2,0.2,0.2,0.2,0.2,0.2,0.2,0.2,-,0.2
기능정비,25,아웃사이드 리어 뷰 미러 및 홀더 어셈블리 (RH),0.2,0.2,0.2,0.2,0.2,0.2,0.2,0.2,0.2,0.2,0.2,0.2,0.2,-,0.2
기능정비,26,헤드 램프 어셈블리(LH),0.4,0.3,0.2,0.5,0.5,0.5,0.6,0.5,0.7,0.7,0.4,0.2,0.5,0.3,0.2
기능정비,27,헤드 램프 어셈블리 (양쪽),0.4,0.3,0.3,0.6,0.6,0.5,0.8,0.6,0.8,0.8,0.5,0.3,0.6,0.3,0.3
기능정비,28,헤드 램프 어셈블리(RH),0.4,0.3,0.2,0.5,0.5,0.5,0.6,0.5,0.7,0.7,0.4,0.2,0.5,0.3,0.2
기능정비,29,프론트포그램프어셈블리 (LH),0.4,0.5,0.4,0.5,0.5,0.5,0.4,0.4,0.7,0.7,0.5,0.3,0.5,0.9,0.6
기능정비,30,프론트 포그 램프 어셈블리 (양쪽),0.5,0.7,0.5,0.7,0.6,0.5,0.6,0.6,0.7,0.7,0.6,0.6,0.6,-,-
기능정비,31,프론트포그램프어셈블리 (RH),0.4,0.5,0.4,0.5,0.5,0.5,0.4,0.4,0.7,0.7,0.5,0.3,0.5,0.9,0.6
기능정비,32,리어컴비네이션램프어셈블리 (LH),0.3,-,0.2,-,-,-,-,-,-,-,-,-,0.2,0.2,0.2
기능정비,33,리어 콤비네이션 램프 어셈블리 (양쪽),0.4,-,0.3,-,-,-,-,-,-,-,-,-,0.3,0.3,-
기능정비,34,리어컴비네이션램프어셈블리 (RH),0.3,-,0.2,-,-,-,-,-,-,-,-,-,0.2,0.2,0.2
기능정비,35,리어컴비네이션램프어셈블리 (LH),-,-,0.2,-,0.2,0.2,-,-,0.3,-,-,-,-,-,-
기능정비,36,리어 콤비네이션 인사이드 램프 어셈블리 (양쪽),-,0.4,0.3,0.4,0.3,0.3,-,-,0.4,0.4,0.3,0.3,-,-,-
기능정비,37,리어컴비네이션아웃사이드램프어셈블리 (RH),-,0.2,0.2,0.2,0.2,0.2,0.2,0.4,0.3,0.3,0.2,0.2,-,-,-
기능정비,38,클락 스프링 어셈블리(에어백 포함),0.3,0.4,0.5,0.4,0.5,0.4,0.5,0.4,0.6,0.6,0.4,0.4,0.5,0.5,0.5
기능정비,39,스톱 램프 스위치 어셈블리,0.3,0.3,0.3,0.3,0.3,0.3,0.3,0.3,0.3,0.3,0.3,0.3,0.3,0.3,0.3
기능정비,40,밧데리-트랜스미터,0.2,0.1,0.1,0.1,0.2,0.2,0.1,0.1,0.2,0.1,0.1,0.1,-,0.2,0.2
기능정비,41,PIC TX 어셈블리,0.6,0.3,0.3,0.3,0.7,0.3,0.3,0.3,0.7,0.7,0.3,0.3,0.3,0.2,0.2
기능정비,42,에어백 컨트롤 모듈,0.6,0.8,1.0,0.6,0.7,0.6,0.8,0.4,0.6,0.6,0.5,0.6,0.6,0.5,0.4
기능정비,43,혼 어셈블리 (LH),0.2,0.3,0.3,0.4,0.4,0.4,0.4,0.5,0.7,0.7,0.4,0.2,0.2,0.6,0.2
기능정비,44,콘덴서 어셈블리 (**),0.6,0.7,1.0,0.6,0.8,0.6,0.8,1.5,0.6,0.6,0.7,0.5,1.3,1.8,0.9
기능정비,45,컴프레셔 어셈블리(**),0.5,0.5,0.7,0.7,0.7,0.5,0.7,1.1,0.7,0.7,0.6,0.5,1.0,0.5,0.7
기능정비,46,디스차지 호스 및 O-링(**),0.3,0.3,0.2,0.5,0.3,0.3,0.3,0.9,0.4,0.4,0.4,0.3,0.5,0.3,0.6
기능정비,47,윈드실드 와셔 모터 및 펌프 어셈블리,0.4,0.4,0.4,0.4,0.5,0.5,0.5,0.6,0.9,0.9,0.4,0.4,0.5,0.6,0.3
기능정비,48,윈드실드 와셔 리저버 어셈블리,0.4,0.4,0.4,0.4,0.4,0.7,0.4,0.5,0.6,0.6,0.5,0.4,0.9,0.7,0.7
기능정비,49,리어쇼크업소버어셈블리(LH),0.5,0.4,0.5,0.5,0.6,0.5,0.7,0.6,0.4,0.4,0.7,0.4,0.7,0.3,0.2
기능정비,50,리어쇼크업소버어셈블리(RH),0.5,0.4,0.5,0.5,0.6,0.5,0.7,0.6,0.4,0.4,0.7,0.4,0.7,0.3,0.2
기능정비,51,에어컨 배출 및 충전,0.5,0.5,0.5,0.5,0.5,0.5,0.5,0.5,0.5,0.5,0.5,0.5,0.5,0.5,0.5
기능정비,52,에어컨 가스 충전(신냉매/완충),0.8,0.8,0.8,0.8,0.8,0.8,0.8,0.8,0.8,0.8,0.9,0.9,0.8,0.8,0.8
기능정비,53,수동 변속기 오일,0.2,0.2,0.2,0.2,0.2,0.2,-,-,-,-,0.2,0.2,0.2,0.2,0.2
기능정비,54,전구,0.2,0.2,0.2,0.2,0.2,0.2,0.2,0.2,0.2,0.2,0.2,0.2,0.2,0.2,0.2
기능정비,55,해드 램프 벌브 (한쪽),0.2,0.3,0.2,0.5,0.2,0.2,0.2,0.6,0.7,0.7,0.3,0.2,0.2,0.3,0.3
기능정비,56,스파크 플러그 어셈블리 (전체),0.4,0.4,0.3,0.4,0.3,0.5,1.0,0.4,1.4,1.4,0.4,1.0,1.0,0.3,-
기능정비,57,엔진 오일/휠터,0.3,0.3,0.3,0.3,0.3,0.3,0.3,0.3,0.3,0.5,0.3,0.3,0.3,0.4,0.4
기능정비,58,엔진오일/필터/에어크리너,0.4,0.4,0.4,0.4,0.4,0.4,0.4,0.4,0.4,0.6,0.5,0.5,0.4,0.5,0.5
기능정비,59,부동액 (냉각수),0.5,0.5,0.5,0.5,0.5,0.5,0.5,0.5,0.5,0.5,0.5,0.5,0.2,0.5,0.2
기능정비,60,에어 클리너 필터,0.2,0.2,0.2,0.2,0.2,0.2,0.2,0.2,0.2,0.2,0.2,0.2,0.2,0.2,0.2
기능정비,61,LPI 필터,-,0.5,-,-,-,0.5,0.5,-,-,-,-,-,-,0.6,-
기능정비,62,베터리 어셈블리,0.2,0.2,0.2,0.2,0.2,0.2,0.2,0.3,0.3,0.3,0.2,0.2,0.2,0.2,0.2
기능정비,63,오토 트랜스액슬 오일,0.3,0.3,0.3,0.3,0.3,0.3,0.3,0.3,0.3,0.3,0.3,0.3,0.3,0.2,0.2
기능정비,64,오토미션 오일 (장비 사용),0.5,0.5,0.5,0.5,0.5,0.5,0.5,0.5,0.5,0.5,1.0,1.0,0.5,0.5,0.5
기능정비,65,프론트브레이크디스크(LH),0.5,0.5,0.6,0.5,0.5,0.5,0.5,0.4,0.5,0.5,0.4,0.4,0.5,0.4,0.5
기능정비,66,프론트 브레이크 디스크(양쪽),0.7,0.7,1.1,0.7,0.7,0.7,0.7,0.6,0.7,0.7,0.6,0.6,0.7,0.7,0.8
기능정비,67,프론트브레이크디스크(RH),0.5,0.5,0.6,0.5,0.5,0.5,0.5,0.4,0.5,0.5,0.4,0.4,0.5,0.4,0.5
기능정비,68,파워 스티어링 오일 및 공기빼기,0.2,-,0.2,-,-,0.2,-,-,0.2,0.2,-,-,-,0.2,0.2
기능정비,69,파워 스티어링 오일 (장비사용),0.5,0.5,0.5,0.5,0.5,0.5,0.5,0.5,0.5,0.5,0.5,0.5,-,0.5,0.5
기능정비,70,프론트 디스크 브레이크 패드 키트(LH),0.3,0.3,0.3,0.4,0.3,0.4,0.3,0.3,0.4,0.4,0.3,0.3,0.3,0.3,0.2
기능정비,71,프론트 디스크 브레이크 패드 키드(양쪽),0.5,0.5,0.5,0.5,0.5,0.5,0.5,0.4,0.6,0.6,0.4,0.5,0.5,0.5,0.4
기능정비,72,리어 디스크브레이크패드 어셈블리 (양쪽),0.5,0.5,0.5,0.4,0.5,0.4,0.5,0.5,0.4,0.4,0.6,0.5,0.5,0.5,-
기능정비,73,브레이크 오일 및 공기 빼기,0.4,0.4,0.4,0.4,0.4,0.4,0.4,0.4,0.4,0.4,0.4,0.4,0.4,0.4,0.4
기능정비,74,에어컨휠터,0.2,0.2,0.2,0.2,0.2,0.2,0.2,0.2,0.2,0.2,0.2,0.2,0.2,0.2,0.2
기능정비,75,연료 필러 도어 어셈블리,0.2,0.2,0.2,0.2,0.2,0.2,0.2,0.2,0.2,0.2,0.2,0.2,0.2,0.2,0.2
기능정비,76,휠 밸런스(2휠),0.3,0.3,0.3,0.3,0.3,0.3,0.3,-,0.3,0.3,0.3,0.3,0.3,0.3,0.3
기능정비,77,휠 얼라인먼트 조정(2휠),1.0,1.0,1.0,1.0,1.0,1.0,1.0,1.0,1.0,1.0,1.0,1.0,1.0,1.0,1.0
기능정비,78,휠 얼라인먼트 조정(4휠),1.1,1.1,1.1,1.1,1.1,1.1,1.1,1.1,1.1,1.1,1.1,1.1,1.1,1.1,1.1
기능정비,79,휠 얼라인먼트 인스펙션,0.7,0.7,0.7,0.7,0.7,0.7,0.7,0.7,0.7,0.7,0.7,0.7,0.7,0.7,0.7
기능정비,80,타이어 펑크 수리,0.2,0.2,0.2,0.2,0.2,0.2,0.2,0.2,0.2,0.2,0.2,0.2,-,0.2,0.2
기능정비,81,타이어 및 휠 어셈블리 (1휠),0.2,0.4,0.3,0.4,0.2,0.2,0.4,-,0.2,0.4,0.4,0.4,0.2,0.2,0.2
기능정비,82,타이어 어셈블리 및 휠 어셈블리 (2휠),0.6,0.6,0.5,0.6,0.6,0.6,0.6,-,0.6,0.6,0.6,0.6,0.6,0.6,0.6
기능정비,83,후드 래취 어셈블리,0.2,0.2,0.6,0.2,0.4,0.6,0.4,0.6,0.2,0.2,0.3,0.2,0.4,0.6,0.2
기능정비,84,프론트 도어 래취 어셈블리 (LH),0.7,0.6,0.7,0.6,0.7,0.7,0.8,0.7,0.7,0.7,0.4,0.7,0.7,0.6,0.6
기능정비,85,프론트 도어 인사이드 핸들 어셈블리,0.2,0.3,0.2,0.3,0.3,0.3,0.4,0.3,0.3,0.3,0.3,0.2,0.3,0.4,-
기능정비,86,프론트 도어 아웃트사이드 핸들 어셈블리 (양쪽),0.4,0.3,0.3,0.3,0.2,0.2,0.3,0.3,0.2,0.3,0.3,0.3,0.2,0.4,0.4
기능정비,87,리어 도어 아웃사이드 핸들 어셈블리,0.7,0.2,0.2,0.2,0.2,0.3,0.2,0.2,0.2,0.2,0.2,0.2,0.2,0.5,0.3
기능정비,88,메인 크래쉬 패드 어셈블리,2.4,2.2,2.8,2.2,2.6,2.4,3.2,2.5,3.1,3.1,2.2,2.0,2.0,2.9,2.2
기능정비,89,리어 패키지 트레이 트림 어셈블리,0.7,0.7,0.2,0.7,0.4,0.5,0.6,0.7,0.6,0.6,-,-,-,-,-
기능정비,90,리어 트랜스버스 트림 어셈블리,0.2,0.2,0.2,0.2,0.2,0.2,0.2,0.2,0.2,0.2,0.2,0.2,0.2,-,-
기능정비,91,카울 탑 커버 및 패드 어셈블리,0.3,0.3,0.3,0.3,0.3,0.3,0.3,0.3,0.3,0.3,0.3,0.2,0.4,0.3,-
기능정비,92,프론트 액슬 너클(LH),1.2,1.1,1.1,0.8,1.2,0.8,1.3,1.4,1.6,1.6,0.8,0.9,0.9,1.0,1.4
기능정비,93,프론트액슬너클(양쪽),2.0,1.9,1.8,1.5,2.0,1.5,2.1,1.9,2.5,2.5,1.4,1.7,1.5,-,-
기능정비,94,프론트 액슬 너클(RH),1.2,1.1,1.1,0.8,1.2,0.8,1.3,1.4,1.6,1.6,0.8,0.9,0.9,1.0,1.4
기능정비,95,로워 암 어셈블리 (LH),0.7,0.6,0.6,0.6,0.7,1.0,0.7,0.7,0.8,-,1.1,0.5,0.8,0.7,0.5
기능정비,96,로워 암 어셈블리 (양쪽),1.1,0.9,0.9,0.8,1.1,1.2,1.1,1.1,1.1,-,1.4,0.9,1.1,1.1,0.8
기능정비,97,로워 암 어셈블리 (RH),0.7,0.6,0.6,0.6,0.7,1.0,0.7,0.7,0.8,-,1.1,0.5,0.8,0.7,0.5
기능정비,98,스트러트 인슐레이터 어셈블리 (LH),0.5,0.5,0.5,0.9,0.5,0.9,0.7,1.6,1.0,1.0,0.9,0.5,0.5,0.9,-
기능정비,99,스트러트 인슐레이터 어셈블리 (RH),0.5,0.5,0.5,0.9,0.5,0.9,0.7,1.6,1.0,1.0,0.9,0.5,0.5,0.9,-
기능정비,100,스트러트 어셈블리,0.9,0.9,0.7,0.9,1.1,0.5,1.0,1.6,1.0,1.0,0.9,0.9,1.0,0.9,0.4
기능정비,101,스트러트 어셈블리 (양쪽),1.5,1.3,1.2,1.3,1.6,0.8,1.6,2.4,1.6,1.6,1.3,1.4,1.5,1.6,0.7
기능정비,102,스트러트 어셈블리(RH/프론트쇽업소버),0.9,0.9,0.7,0.9,1.1,0.5,1.0,1.6,1.0,1.0,0.9,0.9,1.0,0.9,0.4
기능정비,103,스테이빌라이저 바,1.7,-,1.5,-,-,1.3,-,0.6,0.6,0.6,1.1,1.1,1.9,0.5,0.6
기능정비,104,스테이빌라이저 바 부싱(양쪽),0.5,0.5,0.5,1.7,0.5,1.7,0.5,0.6,0.5,0.5,1.6,0.3,0.5,0.4,0.4
기능정비,105,스테이빌라이저링크어셈블리 (LH),0.4,0.3,0.2,0.3,0.4,0.3,0.4,0.4,0.4,0.4,0.3,0.2,0.4,0.3,0.2
기능정비,106,스테이빌라이저 링크 어셈블리 (양쪽),0.5,0.4,0.3,0.4,0.5,0.4,0.5,0.6,0.5,0.5,0.4,0.3,0.5,0.4,0.3
기능정비,107,스테이빌라이저링크어셈블리 (RH),0.4,0.3,0.2,0.3,0.4,0.3,0.4,0.4,0.4,0.4,0.3,0.2,0.4,0.3,0.2
기능정비,108,리어 크로스멤버 컴플리트,1.4,2.7,2.7,2.4,2.6,2.4,2.5,3.5,3.3,3.3,2.4,2.4,3.0,-,-
기능정비,109,크로스멤버 어셈블리,0.9,1.8,1.8,1.8,1.8,2.6,3.3,2.2,3.4,3.4,2.0,2.0,2.1,6.4,2.0
기능정비,110,크로스멤버 어셈블리(엔진미장착상태),0.7,0.7,0.7,0.7,0.7,0.8,0.8,0.8,1.4,1.4,-,-,1.5,1.5,-
판금도장,1,프론트 범퍼 오버홀,1.4,1.4,1.4,1.4,1.7,1.7,1.8,1.8,2.0,2.0,1.7,1.7,1.9,1.8,0.6
판금도장,2,휀더패널어셈블리(LH/범퍼탈부착미포함),0.2,0.3,0.4,0.3,0.4,0.4,0.5,0.4,0.7,0.7,0.7,0.7,0.4,0.8,-
판금도장,3,쿼터 외측 패널 어셈블리(RH/탈부착 미포함),3.4,3.4,3.3,3.4,4.2,5.4,3.5,5.9,4.8,3.8,6.1,3.8,3.9,4.3,-
판금도장,4,라디에이터서포트패널어셈블리(범퍼/라디에이터/콘덴셔 미포함),2.4,2.4,1.8,2.4,2.8,2.5,2.2,2.2,2.3,2.3,2.7,2.7,3.2,3.7,4.8
판금도장,5,후드 판넬 어셈블리,0.4,0.7,0.6,0.7,0.6,0.6,0.8,0.8,0.9,0.9,0.8,0.8,0.7,0.4,0.2
판금도장,6,크로스멤버 어셈블리,0.9,1.8,1.8,1.8,1.8,2.6,3.3,2.2,3.4,3.4,2.0,2.0,2.1,-,-
판금도장,7,엔진 어셈블리(탈부착),4.0,4.0,4.0,4.0,4.0,4.0,4.0,4.0,4.0,4.0,4.0,4.0,4.0,4.0,4.0
판금도장,8,루프 패널(탈부착 미포함),2.8,4.7,4.6,4.7,7.9,4.8,4.9,5.2,6.3,6.3,6.6,6.5,4.6,8.8,4.6
판금도장,9,선루프 어셈블리,2.4,2.1,2.2,2.4,4.2,4.2,4.5,2.2,0.5,2.0,5.2,5.2,0.6,0.5,-
판금도장,10,헤드라이닝 어셈블리,2.0,1.8,1.4,2.3,3.0,1.9,2.5,2.2,2.1,2.1,1.9,1.8,1.6,0.9,0.7
판금도장,11,테일게이트 판넬 어셈블리,1.4,-,2.6,3.2,3.6,-,-,-,-,-,2.6,2.6,3.0,3.7,-
판금도장,12,트렁크 리드 패널(사상작업포함),1.1,1.1,0.8,1.1,1.5,1.5,1.6,1.6,1.5,1.5,-,-,-,-,-
판금도장,13,프론트도어판넬어셈블리(LH),1.6,1.4,1.7,1.4,1.7,1.7,1.7,1.6,1.8,1.8,1.6,1.7,1.7,2.2,1.4
판금도장,14,프론트도어판넬어셈블리(RH),1.6,1.3,1.7,1.3,1.7,1.7,1.7,1.6,1.8,1.8,1.6,1.7,1.7,2.2,1.4
판금도장,15,리어도어판넬어셈블리(LH),1.2,1.2,1.6,1.2,1.3,1.3,1.6,1.7,1.8,1.8,1.4,1.4,1.6,2.8,1.4
판금도장,16,리어도어판넬어셈블리(RH),1.2,1.2,1.6,1.2,1.3,1.3,1.6,1.7,1.8,1.8,1.4,1.4,1.6,2.8,1.4
판금도장,17,프론트 도어 아웃사이드 핸들 어셈블리(LH),0.4,0.2,0.2,0.2,0.2,0.2,0.2,0.2,0.2,0.2,0.2,0.2,0.2,0.4,0.4
판금도장,18,아웃사이드 리어 뷰 리모트 컨트롤 미러 어셈블리,0.2,0.2,0.2,0.2,0.2,0.2,0.3,0.3,0.2,0.2,0.2,0.2,0.2,0.3,0.2
판금도장,19,센터외측필라어셈블리(LH/탈부착미포함),1.9,3.8,2.0,3.8,2.3,13.2,2.3,2.3,12.4,2.5,4.6,4.6,3.5,2.0,2.6
판금도장,20,센터외측필라어셈블리(RH/탈부착미포함),1.9,3.8,2.0,3.8,2.3,13.2,2.3,2.3,12.4,2.5,8.9,4.6,3.5,2.0,2.6
판금도장,21,메인 크래쉬 패드 어셈블리,2.4,2.2,2.8,2.2,2.6,2.4,3.2,2.5,3.1,3.1,2.2,2.0,2.0,2.9,2.2
판금도장,22,리어 범퍼 어셈블리(오버홀),1.4,1.4,1.4,1.4,1.7,1.7,1.8,1.8,2.0,2.0,1.5,1.5,1.9,1.0,-
판금도장,23,백 패널(탈부착 미포함),3.4,3.4,3.3,3.4,4.1,3.5,4.3,4.3,3.7,3.7,5.9,5.9,5.8,3.6,-
판금도장,24,사이드실 내측 패널(LH/탈부착 미포함),1.5,1.5,1.6,1.5,1.7,1.5,0.7,2.6,1.4,1.4,-,-,2.8,-,-
판금도장,25,사이드실 내측 패널(RH/탈부착 미포함),1.5,1.5,1.6,1.5,1.7,1.5,0.7,2.6,1.4,1.4,-,-,2.8,-,-
판금도장,26,사이드실외측패널(LH/탈부착미포함),3.9,3.8,2.3,3.8,2.8,7.4,1.8,10.5,6.7,3.8,5.5,2.1,2.5,-,-
판금도장,27,사이드실외측패널(RH/탈부착미포함),3.9,3.8,2.3,3.8,2.8,7.4,1.8,10.5,6.7,3.8,5.5,2.1,2.5,-,-
판금도장,28,프론트 필라 외측 패널 어셈블리 (LH),3.6,3.1,-,3.1,3.2,8.7,3.1,3.1,8.5,3.1,5.3,5.3,3.1,4.5,2.7
판금도장,29,프론트 필라 외측 패널 어셈블리 (RH),3.6,3.1,-,3.1,3.2,8.7,3.1,3.1,9.2,3.1,5.3,5.3,3.1,4.5,2.7
판금도장,30,프론트 범퍼 도장(탈거된상태),1.9,2.0,2.0,2.0,2.3,2.1,2.4,2.1,2.6,2.6,2.0,2.0,1.6,2.1,2.1
판금도장,31,휀더 패널 도장(LH),2.4,2.4,2.4,2.4,2.9,2.9,2.9,2.9,3.0,3.0,2.7,2.7,2.7,2.5,-
판금도장,32,쿼터 외측 패널도장(LH),2.8,2.5,2.5,2.5,3.5,3.6,3.0,3.0,3.8,3.2,2.8,2.8,3.4,3.3,-
판금도장,33,후드 패널 도장,2.8,2.8,2.8,2.8,3.1,3.1,3.1,3.1,3.3,3.3,2.9,2.9,2.4,2.8,2.1
판금도장,34,루프 패널 도장,3.0,3.0,3.0,3.0,3.7,3.4,3.4,3.4,3.6,3.6,3.4,3.4,3.6,3.7,2.5
판금도장,35,루프 사이드 외측 패널도장(LH),1.5,1.5,1.5,1.5,1.8,1.8,1.8,1.8,1.8,1.8,2.0,2.0,2.0,2.0,-
판금도장,36,테일 게이트 패널 도장,2.7,-,2.2,2.2,3.5,-,-,-,-,-,3.2,3.2,3.6,3.0,-
판금도장,37,트렁크 리드 패널 도장(판금후),3.0,3.0,1.7,3.0,3.5,3.7,3.7,3.7,3.9,3.9,-,-,-,-,-
판금도장,38,프론트 도어 패널 어셈블리도장(LH/탈거된상태),2.9,2.3,2.4,2.3,3.0,3.0,2.4,2.4,3.2,2.6,2.3,2.3,3.0,2.6,2.3
판금도장,39,프론트 도어 패널 어셈블리도장(RH/탈거된상태),2.9,2.3,2.3,2.3,3.0,3.0,2.4,2.4,3.2,2.6,2.3,2.3,3.0,2.6,2.3
판금도장,40,리어도어패널도장(LH),2.7,2.7,2.7,2.7,3.0,3.0,3.0,3.0,3.2,3.2,2.9,2.9,3.0,2.9,2.3
판금도장,41,리어도어패널도장(RH),2.7,2.7,2.7,2.7,3.0,3.0,3.0,3.0,3.2,3.2,2.9,2.9,3.0,2.9,2.3
판금도장,42,아웃사이드 리어 뷰 미러 도장(LH/탈거된상태),0.3,-,0.3,-,1.0,1.0,0.3,0.3,1.0,-,1.2,1.2,1.2,-,-
판금도장,43,프론트 필라 외측 패널 어셈블리도장(LH),1.2,1.2,1.2,1.2,1.9,1.9,1.9,1.9,1.9,1.9,1.6,1.6,1.5,1.7,1.6
판금도장,44,프론트 필라 외측 패널 어셈블리 도장(RH),1.2,1.2,1.2,1.2,1.9,1.9,1.9,1.9,1.9,1.9,1.6,1.6,1.5,1.7,1.6
판금도장,45,센터 외측 필라 어셈블리도장(LH/판금후),1.5,1.9,1.9,1.9,2.1,2.1,2.7,2.7,2.1,2.7,1.9,1.9,1.6,1.8,1.8
판금도장,46,센터 외측 필라 어셈블리도장(RH/판금후),1.5,1.9,1.9,1.9,2.1,2.1,2.7,2.7,2.1,2.7,1.9,1.9,1.6,1.8,1.8
판금도장,47,리어범퍼 도장(탈거된 상태),2.0,2.0,2.0,2.0,2.2,2.0,2.3,2.0,2.6,2.6,1.9,1.9,1.8,2.2,-
판금도장,48,백 패널 도장(판금후),0.7,0.7,0.8,0.7,1.0,1.0,1.0,1.0,1.0,1.0,-,-,0.8,1.1,-
판금도장,49,사이드실 외측 패널도장(LH),1.6,1.6,1.6,1.6,1.6,1.6,1.6,1.6,1.7,1.7,2.1,2.1,2.0,2.1,-
판금도장,50,사이드실 외측 패널도장(RH),1.6,1.6,1.6,1.6,1.6,1.6,1.6,1.6,1.7,1.7,2.1,2.1,2.0,2.1,-
