업체명	주소	전화번호	유형별 블루핸즈	정비예약
(유)평화점
전문블루핸즈

전라남도 목포시 평화로107번길 5(상동)	061-284-8504	
전기차 수리
CS 우수
예약하기
(주)광양정비센터
종합블루핸즈

전라남도 광양시 광양읍 해광로 888	061-761-2222	
전기차 수리
예약하기
강진점
전문블루핸즈

전라남도 강진군 강진읍 금릉2길 2	061-433-8204	
전기차 수리
예약하기
고흥점
전문블루핸즈

전라남도 고흥군 고흥읍 고흥로 1876	061-833-8204	
전기차 수리
전동차 기술력 우수
예약하기
곡성점
전문블루핸즈

전라남도 곡성군 곡성읍 학교로 8	061-363-9111	
전기차 수리
전동차 기술력 우수
예약하기
공화점
전문블루핸즈

전라남도 여수시 동문로 109 (공화동)	061-665-1116	
전기차 수리
전동차 기술력 우수
CS 우수
예약하기
광양점
전문블루핸즈

전라남도 광양시 광양읍 매천로 767	061-762-8868	
전기차 수리
예약하기
광영점
전문블루핸즈

전라남도 광양시 광포로 5(광영동)	061-794-7901	
전기차 수리
예약하기
구례점
전문블루핸즈

전라남도 구례군 구례읍 용방로 17	061-781-8597	
전기차 수리
예약하기
나주산포현대상용서비스
종합블루핸즈

전라남도 나주시 산포면 산남로 66	061-337-0500	
중형상용 수리
대형상용 수리
예약하기
업체명	주소	전화번호	유형별 블루핸즈	정비예약
나주현대서비스(주)
종합블루핸즈

전라남도 나주시 금천면 영산로 5851	061-334-9999	
전기차 수리
수소전기차 수리
차체/도장 수리 인증
N 블루핸즈
CS 우수
예약하기
남순천현대서비스
종합블루핸즈

전라남도 순천시 해룡면 여순로 1495	061-811-0711	
전기차 수리
수소전기차 수리
예약하기
남여수현대서비스
종합블루핸즈

전라남도 여수시 시청로 126	061-691-1458	
전기차 수리
수소전기차 수리
예약하기
남정점
전문블루핸즈

전라남도 순천시 남산로 10 (남정동)	061-742-9800	
전기차 수리
전동차 기술력 우수
예약하기
녹색현대서비스
종합블루핸즈

전라남도 목포시 녹색로 126	061-276-8204	
전기차 수리
예약하기
담양백동점
전문블루핸즈

전라남도 담양군 담양읍 죽향대로 1092	061-381-8272	
전기차 수리
예약하기
담양점
전문블루핸즈

전라남도 담양군 담양읍 지침6길 30-1	061-383-6785	
전기차 수리
예약하기
대호점
전문블루핸즈

전라남도 나주시 건재로 67 (대호동 872-6)	061-333-8288	
전기차 수리
예약하기
도양점
전문블루핸즈

전라남도 고흥군 도양읍 천마로 112-2	061-842-6400	
전기차 수리
전동차 기술력 우수
예약하기
동광양현대서비스
종합블루핸즈

전라남도 광양시 담안길 82	061-792-6004	
전기차 수리
수소전기차 수리
차체/도장 수리 인증
CS 우수
예약하기
업체명	주소	전화번호	유형별 블루핸즈	정비예약
동여수현대서비스
종합블루핸즈

전라남도 여수시 연등8길 23	061-666-3271	
전기차 수리
전동차 기술력 우수
차체/도장 수리 인증
예약하기
마동점
전문블루핸즈

전라남도 광양시 눈소5길 3 (마동)	061-794-4111	
전기차 수리
예약하기
목포산정점
전문블루핸즈

전라남도 목포시 용당로 8 (산정동)	061-242-8207	
전기차 수리
CS 우수
예약하기
목포현대상용서비스
종합블루핸즈

전라남도 영암군 삼호읍 대불역로 219	061-464-0077	
중형상용 수리
대형상용 수리
예약하기
무안점
전문블루핸즈

전라남도 무안군 무안읍 공항로 27	061-454-1177	
전기차 수리
CS 우수
예약하기
미평점
전문블루핸즈

전라남도 여수시 만성로 111-1 (미평동)	061-651-5111	
전기차 수리
전동차 기술력 우수
예약하기
벌교자동차정비공업사
종합블루핸즈

전라남도 보성군 벌교읍 분토길 4	061-858-3900	
전기차 수리
전동차 기술력 우수
예약하기
벌교점
전문블루핸즈

전라남도 보성군 벌교읍 홍암로 116-3	061-857-8204	
전기차 수리
전동차 기술력 우수
예약하기
보성점
전문블루핸즈

전라남도 보성군 보성읍 송재로 227	061-852-0707	
전기차 수리
전동차 기술력 우수
예약하기
봉계점
전문블루핸즈

전라남도 여수시 여수산단로 32 (봉계동)	061-682-1600	
전기차 수리
예약하기
업체명	주소	전화번호	유형별 블루핸즈	정비예약
빛가람점
전문블루핸즈

전라남도 나주시 석전2길 42 (빛가람동)	061-332-8577	
전기차 수리
예약하기
삽진현대서비스
종합블루핸즈

전라남도 목포시 대양로13번길 12	061-278-7103	
전기차 수리
예약하기
석현점
전문블루핸즈

전라남도 목포시 영산로 721 (석현동)	061-281-6364	
전기차 수리
전동차 기술력 우수
CS 우수
예약하기
석현점
전문블루핸즈

전라남도 순천시 삼산로 35 (석현동)	061-753-8700	
전기차 수리
CS 우수
예약하기
송월점
전문블루핸즈

전라남도 나주시 예향로 4111 (송월동)	061-331-8204	
전기차 수리
예약하기
순천서면현대상용서비스
종합블루핸즈

전라남도 순천시 서면 순천로 76	061-755-3630	
중형상용 수리
대형상용 수리
상용 전동차 수리
예약하기
순천하이테크센터
하이테크센터

전라남도 순천시 순광로 197 조례동	061-723-4111		예약하기
안산점
전문블루핸즈

전라남도 여수시 장성3길 10 (안산동)	061-683-8292	
전기차 수리
전동차 기술력 우수
예약하기
여서점
전문블루핸즈

전라남도 여수시 여서로 228 (여서동)	061-653-8204	
전기차 수리
CS 우수
예약하기
여수산단현대상용서비스
종합블루핸즈

전라남도 여수시 산단중앙로 67	061-692-7575	
중형상용 수리
대형상용 수리
상용 전동차 수리
예약하기
업체명	주소	전화번호	유형별 블루핸즈	정비예약
영광점
전문블루핸즈

전라남도 영광군 영광읍 천년로 1406	061-353-8236	
전기차 수리
전동차 기술력 우수
예약하기
영암점
전문블루핸즈

전라남도 영암군 영암읍 새동네길 5 (교동리)	061-813-2111	
전기차 수리
전동차 기술력 우수
예약하기
영암한라점
전문블루핸즈

전라남도 영암군 삼호읍 대불로 370	061-461-2222	
전기차 수리
예약하기
완도점
전문블루핸즈

전라남도 완도군 완도읍 개포로159번길 28	061-554-8244	
전기차 수리
예약하기
우수영점
전문블루핸즈

전라남도 해남군 문내면 명량로 191	061-533-5254	
전기차 수리
예약하기
일로점
전문블루핸즈

전라남도 무안군 일로읍 삼일로 558	061-285-1522	
전기차 수리
전동차 기술력 우수
예약하기
장성동화현대상용서비스
종합블루핸즈

전라남도 장성군 동화면 원남평길 15-21	061-390-8750	
중형상용 수리
대형상용 수리
상용 전동차 수리
예약하기
장성점
전문블루핸즈

전라남도 장성군 장성읍 역전로 211	061-393-3359	
전기차 수리
예약하기
장천점
전문블루핸즈

전라남도 순천시 이수로 47 (장천동)	061-742-9100	
전기차 수리
전동차 기술력 우수
예약하기
조례서부점
전문블루핸즈

전라남도 순천시 유동3길 15 (조례동)	061-722-2213	
전기차 수리
전동차 기술력 우수
예약하기
업체명	주소	전화번호	유형별 블루핸즈	정비예약
조례점
전문블루핸즈

전라남도 순천시 백연길 82 (조례동)	061-725-0707	
전기차 수리
예약하기
주암점
전문블루핸즈

전라남도 순천시 주암면 동주로 2008	061-754-9500	
전기차 수리
전동차 기술력 우수
예약하기
중앙점
전문블루핸즈

전라남도 해남군 해남읍 남부순환로 51	061-532-8111	
전기차 수리
예약하기
지봉점
전문블루핸즈

전라남도 순천시 해룡면 지봉로 240	061-744-8572	
전기차 수리
전동차 기술력 우수
CS 우수
예약하기
하당점
전문블루핸즈

전라남도 목포시 교육로 98	061-283-8272	
전기차 수리
전동차 기술력 우수
CS 우수
예약하기
함평현대서비스
종합블루핸즈

전라남도 함평군 대동면 학동로 404	061-323-8205	
전기차 수리
예약하기
해남점
전문블루핸즈

전라남도 해남군 해남읍 중앙1로 489	061-536-8203	
전기차 수리
예약하기
홍농점
전문블루핸즈

전라남도 영광군 홍농읍 홍농로 437	061-356-2825	
전기차 수리
전동차 기술력 우수
예약하기
화장점
전문블루핸즈

전라남도 여수시 화산로 99 (화장동)	061-685-5058	
전기차 수리
CS 우수
예약하기
