external_term,suggested_category,suggested_no,suggested_work_name,match_type,score
(우측)쿼터패널(내측),판금도장,32,쿼터 외측 패널도장(LH),similarity,0.571
(우측)쿼터패널(외측),판금도장,32,쿼터 외측 패널도장(LH),similarity,0.571
(좌측)사이드패널(내측),판금도장,26,사이드실외측패널(LH/탈부착미포함),similarity,0.769
(좌측)사이드패널(외측),판금도장,26,사이드실외측패널(LH/탈부착미포함),similarity,0.769
"ABS 센서(뒤,우)",,,,none,0.0
"ABS 센서(뒤,좌)",,,,none,0.0
"ABS 센서(앞,우)",,,,none,0.0
"ABS 센서(앞,좌)",,,,none,0.0
ABS 하이드로릭 유니트,,,,none,0.0
ABS하이드로릭유니트,,,,none,0.0
ABS휠센서(뒤우),,,,none,0.0
ABS휠센서(뒤좌),,,,none,0.0
ABS휠센서(앞우),,,,none,0.0
ABS휠센서(앞좌),,,,none,0.0
AV(네비게이션)시스템,,,,none,0.0
AV시스템,,,,none,0.0
BCM(LAN컨트롤 유니트),,,,none,0.0
BCM(차체컨트롤모듈),,,,none,0.0
C 필러(우측),기능정비,75,연료 필러 도어 어셈블리,keyword,0.5
C 필러(좌측),기능정비,75,연료 필러 도어 어셈블리,keyword,0.5
CD 체인저,,,,none,0.0
D 필러 익스텐션 패널(우측),,,,none,0.0
D 필러 익스텐션 패널(좌측),,,,none,0.0
"D 필러패널(내외측,우)",판금도장,23,백 패널(탈부착 미포함),similarity,0.6
"D 필러패널(내외측,좌)",판금도장,23,백 패널(탈부착 미포함),similarity,0.6
"D 필러패널(내측,우)",판금도장,23,백 패널(탈부착 미포함),similarity,0.6
"D 필러패널(내측,좌)",판금도장,23,백 패널(탈부착 미포함),similarity,0.6
"D 필러패널(외측,우)",판금도장,23,백 패널(탈부착 미포함),similarity,0.6
"D 필러패널(외측,좌)",판금도장,23,백 패널(탈부착 미포함),similarity,0.6
"DRL(데이램프,우)",,,,none,0.0
"DRL(데이램프,좌)",,,,none,0.0
DVD 체인져,,,,none,0.0
D필러 익스텐션패널(우측),,,,none,0.0
D필러 익스텐션패널(좌측),,,,none,0.0
D필러커버ASSY,,,,none,0.0
EGR밸브,,,,none,0.0
EGR쿨러,,,,none,0.0
EGR쿨러(고압),,,,none,0.0
EGR쿨러(저압),,,,none,0.0
HID 헤드램프 밸러스트(우측),,,,none,0.0
HID 헤드램프 밸러스트(좌측),,,,none,0.0
LED 드라이브 모듈(우측),,,,none,0.0
LED 드라이브 모듈(좌측),,,,none,0.0
LID 류-1개,,,,none,0.0
LID 류-2개,,,,none,0.0
LID 류-4개,,,,none,0.0
LID 류-8개,,,,none,0.0
LPG 레귤레이터,기능정비,61,LPI 필터,similarity,0.533
LPG 레귤레이터 유닛,,,,none,0.0
LPG 믹서,기능정비,61,LPI 필터,similarity,0.5
LPG믹서,,,,none,0.0
LPG봄베,,,,none,0.0
LPG탱크,,,,none,0.0
Oil Cooler ASSY,,,,none,0.0
PRE카탈리스틱 컨버터(뒤),,,,none,0.0
PRE카탈리스틱 컨버터(앞),,,,none,0.0
TV 튜너 유니트,,,,none,0.0
VACUUM PUMP,,,,none,0.0
가니쉬 #1,,,,none,0.0
가니쉬 #2,,,,none,0.0
"가드레일(우,조립식)",,,,none,0.0
가드레일(우측),,,,none,0.0
"가드레일(좌,조립식)",,,,none,0.0
가드레일(좌측),,,,none,0.0
가상 엔진사운드 스피커,,,,none,0.0
각종계기케이블,,,,none,0.0
고압펌프,,,,none,0.0
고전압 배터리모듈,,,,none,0.0
고전압차단(HEV),,,,none,0.0
고정창 사각유리(우측),,,,none,0.0
고정창 사각유리(좌측),,,,none,0.0
공구박스,,,,none,0.0
공구박스(프레임용접식),,,,none,0.0
공구함커버 & 박스,,,,none,0.0
공기청정기,,,,none,0.0
글로브박스,,,,none,0.0
냉각 팬,,,,none,0.0
너클(우측),기능정비,92,프론트 액슬 너클(LH),contains,0.75
너클(좌측),기능정비,92,프론트 액슬 너클(LH),contains,0.75
대쉬 로워패널,판금도장,23,백 패널(탈부착 미포함),similarity,0.545
대쉬 인슐레이터,기능정비,98,스트러트 인슐레이터 어셈블리 (LH),similarity,0.522
대쉬센터패널(볼트식),,,,none,0.0
대쉬센터패널(용접식),,,,none,0.0
대쉬인슐레이터,,,,none,0.0
대쉬패널,판금도장,23,백 패널(탈부착 미포함),similarity,0.5
대쉬패널 멤버,,,,none,0.0
대쉬패널 센터(볼트식),,,,none,0.0
대쉬패널멤버,,,,none,0.0
대쉬패널멤버(크로스멤버),기능정비,15,파워 스티어링 및 링키지(크로스멤버 탈착후),keyword,0.5
대시보드 철판,,,,none,0.0
대형룸램프,,,,none,0.0
데크 프론트패널(적재함 앞),판금도장,23,백 패널(탈부착 미포함),similarity,0.5
데크 플로워 패널,판금도장,12,트렁크 리드 패널(사상작업포함),similarity,0.556
데크트림,,,,none,0.0
"도어 리어필러(외측,우)",기능정비,60,에어 클리너 필터,similarity,0.5
"도어 리어필러(외측,좌)",기능정비,60,에어 클리너 필터,similarity,0.5
"도어 리어필러(외측,킹캡,우)",기능정비,60,에어 클리너 필터,similarity,0.5
"도어 리어필러(외측,킹캡,좌)",기능정비,60,에어 클리너 필터,similarity,0.5
"도어 리어필러(우,킹캡)",기능정비,60,에어 클리너 필터,similarity,0.5
도어 리어필러(우측),기능정비,60,에어 클리너 필터,similarity,0.5
"도어 리어필러(인너,우)",기능정비,60,에어 클리너 필터,similarity,0.5
"도어 리어필러(인너,좌)",기능정비,60,에어 클리너 필터,similarity,0.5
"도어 리어필러(좌,킹캡)",기능정비,60,에어 클리너 필터,similarity,0.5
도어 리어필러(좌측),기능정비,60,에어 클리너 필터,similarity,0.5
뒤 배선,,,,none,0.0
뒤 범퍼,판금도장,1,프론트 범퍼 오버홀,keyword,1.0
뒤 범퍼(FRP),판금도장,1,프론트 범퍼 오버홀,keyword,0.5
뒤 범퍼(분할형),판금도장,1,프론트 범퍼 오버홀,keyword,0.5
뒤 범퍼(스텐레스),판금도장,1,프론트 범퍼 오버홀,keyword,0.5
뒤 범퍼(우레탄형),판금도장,1,프론트 범퍼 오버홀,keyword,0.5
뒤 엔진룸 LID,,,,none,0.0
뒤 엔진룸 사이드(코너)LID,,,,none,0.0
뒤 케이스,,,,none,0.0
뒤 히터,,,,none,0.0
뒤 히터(1번),,,,none,0.0
뒤 히터(2번),,,,none,0.0
"뒤도어(우,전동,화물)",,,,none,0.0
"뒤도어(우,화물)",,,,none,0.0
"뒤도어(좌,전동,화물)",,,,none,0.0
"뒤도어(좌,화물)",,,,none,0.0
뒤사이드 고정유리(접착),,,,none,0.0
뒤사이드 고정유리(힌지),,,,none,0.0
뒤시트레일,,,,none,0.0
"뒤시트레일(일체형,우)",,,,none,0.0
"뒤시트레일(일체형,좌)",,,,none,0.0
뒤유리,,,,none,0.0
"뒤유리(접착식,상)",,,,none,0.0
"뒤유리(접착식,하)",,,,none,0.0
뒤차축,,,,none,0.0
뒤케이스,,,,none,0.0
"뒤휀다고정유리 #2(접착식,우)",,,,none,0.0
"뒤휀다고정유리 #2(접착식,좌)",,,,none,0.0
"뒤휀다고정유리(접착식,우)",,,,none,0.0
"뒤휀다고정유리(접착식,우)#2",,,,none,0.0
"뒤휀다고정유리(접착식,우,밴)",,,,none,0.0
"뒤휀다고정유리(접착식,우,승용)",,,,none,0.0
"뒤휀다고정유리(접착식,좌)",,,,none,0.0
"뒤휀다고정유리(접착식,좌)#2",,,,none,0.0
"뒤휀다고정유리(접착식,좌,밴)",,,,none,0.0
뒤휀다고정유리(좌측),,,,none,0.0
"뒤휀다고정유리(힌지식,우)",,,,none,0.0
"뒤휀다고정유리(힌지식,좌)",,,,none,0.0
뒷배선,,,,none,0.0
뒷유리(끼움식),,,,none,0.0
뒷유리(오픈형),,,,none,0.0
뒷유리(접착식),,,,none,0.0
드로틀바디,,,,none,0.0
드로틀바디(V8),,,,none,0.0
"드로틀바디(가솔린,LPG)",,,,none,0.0
드로틀바디(디젤),,,,none,0.0
드로틀바디서보,,,,none,0.0
"등속조인트(뒤,우)",,,,none,0.0
"등속조인트(뒤,좌)",,,,none,0.0
"등속조인트(앞,우)",,,,none,0.0
"등속조인트(앞,좌)",,,,none,0.0
등속죠인트(우측),,,,none,0.0
등속죠인트(좌측),,,,none,0.0
등화관제등(뒤우),,,,none,0.0
등화관제등(뒤좌),,,,none,0.0
등화관제등(앞우),,,,none,0.0
등화관제등(앞좌),,,,none,0.0
디스트리뷰터,,,,none,0.0
디퍼런셜 기어,기능정비,14,파워 스티어링 기어 및 링키지 어셈블리,keyword,0.5
디퍼런셜 기어(리어),,,,none,0.0
"디퍼런셜 기어(프론트,AWD)",,,,none,0.0
디퍼런셜기어,,,,none,0.0
디퍼렌셜 기어,기능정비,14,파워 스티어링 기어 및 링키지 어셈블리,keyword,0.5
디피에프 컨버터,,,,none,0.0
딜리버리 파이프,,,,none,0.0
딜리버리 파이프#2,,,,none,0.0
라디에이터,기능정비,2,라디에이터 어셈블리,keyword,1.0
라디에이터 ASSY,기능정비,2,라디에이터 어셈블리,similarity,0.6
라디에이터 가드,기능정비,2,라디에이터 어셈블리,similarity,0.667
라디에이터 로워 브라켓(우측),기능정비,4,라디에이터 상부 호스,similarity,0.609
라디에이터 로워 브라켓(좌측),기능정비,4,라디에이터 상부 호스,similarity,0.609
라디에이터 리저브탱크,기능정비,2,라디에이터 어셈블리,similarity,0.667
라디에이터 리져브탱크,기능정비,2,라디에이터 어셈블리,similarity,0.667
라디에이터 에어 가이드,기능정비,2,라디에이터 어셈블리,similarity,0.636
라디에이터 휀,기능정비,2,라디에이터 어셈블리,keyword,1.0
라디에이터(A/T),기능정비,2,라디에이터 어셈블리,keyword,1.0
라디에이터(M/T),기능정비,2,라디에이터 어셈블리,keyword,1.0
라디에이터그릴,기능정비,17,라디에이터 그릴 어셈블리,rule,1.0
라디에이터그릴 브라켓#1,기능정비,17,라디에이터 그릴 어셈블리,similarity,0.615
라디에이터그릴 브라켓#2,기능정비,17,라디에이터 그릴 어셈블리,similarity,0.615
라디에이터그릴 브라켓#3,기능정비,17,라디에이터 그릴 어셈블리,similarity,0.615
라디에이터그릴(램프형),기능정비,17,라디에이터 그릴 어셈블리,similarity,0.7
라디에이터그릴(상부커버),기능정비,17,라디에이터 그릴 어셈블리,similarity,0.7
라디에이터리저브탱크,기능정비,2,라디에이터 어셈블리,similarity,0.6
라디에이터멤버,기능정비,2,라디에이터 어셈블리,similarity,0.588
라디에이터크로스멤버,기능정비,4,라디에이터 상부 호스,similarity,0.571
라디에이터핀(수리킷#1),기능정비,2,라디에이터 어셈블리,similarity,0.625
라디에이터핀(수리킷#2),기능정비,2,라디에이터 어셈블리,similarity,0.625
라디에이터핀(수리킷#3),기능정비,2,라디에이터 어셈블리,similarity,0.625
라디에이터핀(수리킷#4),기능정비,2,라디에이터 어셈블리,similarity,0.625
라디에이터휀,기능정비,2,라디에이터 어셈블리,similarity,0.625
라디오 수신기,,,,none,0.0
라디오 안테나(루프 부착형),,,,none,0.0
라디오 안테나(필러 부착형),,,,none,0.0
라디오 안테나(휀다 부착형),,,,none,0.0
라디오안테나(루프부착식),,,,none,0.0
라디오안테나(수동),기능정비,53,수동 변속기 오일,keyword,0.5
라디오안테나(자동),,,,none,0.0
라이트휀다(우측),,,,none,0.0
라이트휀다(좌측),,,,none,0.0
레인센서,,,,none,0.0
레죠네이터,,,,none,0.0
레터럴 링크,기능정비,106,스테이빌라이저 링크 어셈블리 (양쪽),keyword,0.5
로드레스트,,,,none,0.0
로워암(우측),기능정비,95,로워 암 어셈블리 (LH),similarity,0.5
로워암(좌측),기능정비,95,로워 암 어셈블리 (LH),similarity,0.5
로워크러시패드(로워커버),,,,none,0.0
롤바아ASSY,,,,none,0.0
루프 레인포스먼트 ASSY,,,,none,0.0
루프 리어 헤더 패널,판금도장,8,루프 패널(탈부착 미포함),similarity,0.625
루프 리어 헤더패널,판금도장,8,루프 패널(탈부착 미포함),similarity,0.667
"루프 사이드 레일(내측,우)",판금도장,35,루프 사이드 외측 패널도장(LH),similarity,0.609
"루프 사이드 레일(내측,좌)",판금도장,35,루프 사이드 외측 패널도장(LH),similarity,0.609
"루프 사이드 레일(외측,우)",판금도장,35,루프 사이드 외측 패널도장(LH),similarity,0.609
"루프 사이드 레일(외측,좌)",판금도장,35,루프 사이드 외측 패널도장(LH),similarity,0.609
루프 사이드 레일(우측),판금도장,35,루프 사이드 외측 패널도장(LH),similarity,0.609
루프 사이드 레일(좌측),판금도장,35,루프 사이드 외측 패널도장(LH),similarity,0.609
루프 사이드 몰딩(우측),판금도장,35,루프 사이드 외측 패널도장(LH),similarity,0.609
루프 사이드 몰딩(좌측),판금도장,35,루프 사이드 외측 패널도장(LH),similarity,0.609
루프 오픈어블 ASSY,판금도장,9,선루프 어셈블리,similarity,0.5
루프 크로스 레일 NO.1,,,,none,0.0
루프 크로스 레일 NO.2,,,,none,0.0
루프 크로스 레일 NO.3,,,,none,0.0
루프 크로스 레일 NO.4,,,,none,0.0
루프 크로스 레일 NO.5,,,,none,0.0
루프 톱 씰링,판금도장,34,루프 패널 도장,similarity,0.533
루프 톱 씰링(뒤),판금도장,34,루프 패널 도장,similarity,0.533
루프 톱 씰링(소프트탑),판금도장,34,루프 패널 도장,similarity,0.533
루프 톱 씰링(앞),판금도장,34,루프 패널 도장,similarity,0.533
루프 톱실링(더블캡),판금도장,8,루프 패널(탈부착 미포함),similarity,0.545
"루프 톱실링(리어,승합)",판금도장,8,루프 패널(탈부착 미포함),similarity,0.545
"루프 톱실링(센타,승합 VAN)",판금도장,8,루프 패널(탈부착 미포함),similarity,0.545
"루프 톱실링(프론트,승합)",판금도장,8,루프 패널(탈부착 미포함),similarity,0.545
루프 톱실링(화물),판금도장,8,루프 패널(탈부착 미포함),similarity,0.545
루프 패널 ASSY,판금도장,8,루프 패널(탈부착 미포함),contains,0.75
루프 패널 ASSY(레일포함),판금도장,8,루프 패널(탈부착 미포함),contains,0.75
루프 헤더 패널,판금도장,8,루프 패널(탈부착 미포함),similarity,0.769
루프랙(우측),판금도장,8,루프 패널(탈부착 미포함),similarity,0.5
루프랙(좌측),판금도장,8,루프 패널(탈부착 미포함),similarity,0.5
루프리어헤더패널,판금도장,8,루프 패널(탈부착 미포함),similarity,0.615
루프배선,,,,none,0.0
루프사이드 몰딩(우측),판금도장,35,루프 사이드 외측 패널도장(LH),similarity,0.545
루프사이드 몰딩(좌측),판금도장,35,루프 사이드 외측 패널도장(LH),similarity,0.545
루프사이드몰딩(우측),,,,none,0.0
루프사이드몰딩(좌측),,,,none,0.0
루프철판 16장,판금도장,34,루프 패널 도장,similarity,0.5
루프철판 1장,판금도장,34,루프 패널 도장,similarity,0.533
루프철판 2장,판금도장,34,루프 패널 도장,similarity,0.533
루프철판 4장,판금도장,34,루프 패널 도장,similarity,0.533
루프철판 8장,판금도장,34,루프 패널 도장,similarity,0.533
루프크로스레일#1,,,,none,0.0
루프크로스레일#2,,,,none,0.0
루프크로스레일#3,,,,none,0.0
루프크로스레일#5,,,,none,0.0
루프크로스레일NO.1,,,,none,0.0
루프크로스레일NO.2,,,,none,0.0
루프크로스레일NO.3,,,,none,0.0
루프크로스레일NO.4,,,,none,0.0
루프톱실링,,,,none,0.0
루프톱실링ASSY,,,,none,0.0
루프패널,판금도장,8,루프 패널(탈부착 미포함),similarity,0.889
루프패널(더블캡),판금도장,8,루프 패널(탈부착 미포함),similarity,0.889
루프패널(뒤),판금도장,8,루프 패널(탈부착 미포함),similarity,0.889
"루프패널(뒤,초장축승합)",판금도장,8,루프 패널(탈부착 미포함),similarity,0.889
루프패널(선루프),판금도장,8,루프 패널(탈부착 미포함),similarity,0.889
루프패널(소프트탑),판금도장,8,루프 패널(탈부착 미포함),similarity,0.889
루프패널(앞),판금도장,8,루프 패널(탈부착 미포함),similarity,0.889
"루프패널(앞,초장축승합)",판금도장,8,루프 패널(탈부착 미포함),similarity,0.889
루프패널(일체식),판금도장,8,루프 패널(탈부착 미포함),similarity,0.889
루프프론트헤더패널,판금도장,8,루프 패널(탈부착 미포함),similarity,0.571
룸램프 - 16개,,,,none,0.0
룸램프 - 1개,,,,none,0.0
룸램프 - 2개,,,,none,0.0
룸램프 - 32개,,,,none,0.0
룸램프 - 4개,,,,none,0.0
룸램프 - 8개,,,,none,0.0
리시버 드라이탱크,,,,none,0.0
리시버드라이탱크,,,,none,0.0
"리어 가드(안전대,용접식)",판금도장,47,리어범퍼 도장(탈거된 상태),similarity,0.5
"리어 가드(안전대,조립식)",판금도장,47,리어범퍼 도장(탈거된 상태),similarity,0.5
리어 도어 가니쉬(우측),기능정비,87,리어 도어 아웃사이드 핸들 어셈블리,keyword,0.5
리어 도어 가니쉬(좌측),기능정비,87,리어 도어 아웃사이드 핸들 어셈블리,keyword,0.5
리어 도어 몰딩(우측),판금도장,47,리어범퍼 도장(탈거된 상태),similarity,0.533
리어 도어 몰딩(좌측),판금도장,47,리어범퍼 도장(탈거된 상태),similarity,0.533
"리어 도어(우,전동)",기능정비,87,리어 도어 아웃사이드 핸들 어셈블리,contains,0.75
"리어 도어(우,파워)",기능정비,87,리어 도어 아웃사이드 핸들 어셈블리,contains,0.75
리어 도어(우측),기능정비,87,리어 도어 아웃사이드 핸들 어셈블리,contains,0.75
"리어 도어(좌,전동)",기능정비,87,리어 도어 아웃사이드 핸들 어셈블리,contains,0.75
"리어 도어(좌,파워)",기능정비,87,리어 도어 아웃사이드 핸들 어셈블리,contains,0.75
리어 도어(좌측),기능정비,87,리어 도어 아웃사이드 핸들 어셈블리,contains,0.75
리어 범퍼,판금도장,22,리어 범퍼 어셈블리(오버홀),rule,1.0
리어 범퍼 레일,판금도장,22,리어 범퍼 어셈블리(오버홀),keyword,0.667
리어 범퍼 커버,판금도장,22,리어 범퍼 어셈블리(오버홀),keyword,0.667
리어 범퍼(ASSY공급시),판금도장,22,리어 범퍼 어셈블리(오버홀),contains,0.75
리어 범퍼(용접식),판금도장,22,리어 범퍼 어셈블리(오버홀),contains,0.75
리어 범퍼립,판금도장,22,리어 범퍼 어셈블리(오버홀),similarity,0.625
리어 보디패널 ASSY,,,,none,0.0
리어 사이드 멤버 ASSY(우측),,,,none,0.0
리어 사이드 멤버 ASSY(좌측),,,,none,0.0
"리어 사이드 멤버(앞부분,우)",기능정비,87,리어 도어 아웃사이드 핸들 어셈블리,similarity,0.5
"리어 사이드 멤버(앞부분,좌)",기능정비,87,리어 도어 아웃사이드 핸들 어셈블리,similarity,0.5
리어 사이드 파셜 셀프 패널(우측),판금도장,24,사이드실 내측 패널(LH/탈부착 미포함),similarity,0.56
리어 사이드 파셜 셀프 패널(좌측),판금도장,24,사이드실 내측 패널(LH/탈부착 미포함),similarity,0.56
리어 사이드 프레임(우측),기능정비,36,리어 콤비네이션 인사이드 램프 어셈블리 (양쪽),similarity,0.516
리어 사이드 프레임(좌측),기능정비,36,리어 콤비네이션 인사이드 램프 어셈블리 (양쪽),similarity,0.516
리어 사이드 플로워(우측),,,,none,0.0
리어 사이드 플로워(좌측),,,,none,0.0
리어 사이드멤버 ASSY(우측),,,,none,0.0
리어 사이드멤버 ASSY(좌측),,,,none,0.0
리어 사이드멤버(선단부)(우측),,,,none,0.0
리어 사이드멤버(선단부)(좌측),,,,none,0.0
리어 사이드범퍼(우측),판금도장,22,리어 범퍼 어셈블리(오버홀),similarity,0.556
리어 사이드범퍼(좌측),판금도장,22,리어 범퍼 어셈블리(오버홀),similarity,0.556
리어 서스펜션 크로스멤버,기능정비,108,리어 크로스멤버 컴플리트,keyword,0.667
"리어 서스펜션ASSY(우,4WD)",,,,none,0.0
"리어 서스펜션ASSY(우,FR형)",,,,none,0.0
리어 서스펜션ASSY(우측),,,,none,0.0
"리어 서스펜션ASSY(좌,4WD)",,,,none,0.0
"리어 서스펜션ASSY(좌,FR형)",,,,none,0.0
리어 서스펜션ASSY(좌측),,,,none,0.0
리어 서스펜션크로스멤버,기능정비,108,리어 크로스멤버 컴플리트,similarity,0.64
"리어 스피커(좌,우퍼)",,,,none,0.0
리어 시트,기능정비,6,리어 머플러 어셈블리(LH),keyword,0.5
리어 시트 백 서포트 패널,,,,none,0.0
리어 시트(사이드에어백),판금도장,47,리어범퍼 도장(탈거된 상태),similarity,0.5
리어 액슬 ASSY,,,,none,0.0
리어 액슬 ASSY(5링크),,,,none,0.0
리어 액슬빔(FF형),,,,none,0.0
리어 언더바디 ASSY(프레임),,,,none,0.0
리어 에버포레이터,기능정비,6,리어 머플러 어셈블리(LH),keyword,0.5
리어 에어컨디셔너,기능정비,6,리어 머플러 어셈블리(LH),keyword,0.5
리어 오디오 엠프,,,,none,0.0
리어 우퍼,판금도장,22,리어 범퍼 어셈블리(오버홀),similarity,0.533
리어 윈도우 패널 ASSY,,,,none,0.0
리어 인너 필러 패널(우측),기능정비,60,에어 클리너 필터,similarity,0.5
리어 인너 필러 패널(좌측),기능정비,60,에어 클리너 필터,similarity,0.5
리어 커튼(전동식),판금도장,47,리어범퍼 도장(탈거된 상태),similarity,0.5
리어 컴비네이션 패널,기능정비,33,리어 콤비네이션 램프 어셈블리 (양쪽),similarity,0.593
리어 컴비네이션 패널-스텐레,기능정비,33,리어 콤비네이션 램프 어셈블리 (양쪽),similarity,0.516
리어 컴비네이션 패널-스텐레스,기능정비,33,리어 콤비네이션 램프 어셈블리 (양쪽),similarity,0.5
리어 컴비네이션램프(우측),기능정비,32,리어컴비네이션램프어셈블리 (LH),similarity,0.783
리어 컴비네이션램프(좌측),기능정비,32,리어컴비네이션램프어셈블리 (LH),similarity,0.783
리어 코너패널(우측),판금도장,23,백 패널(탈부착 미포함),similarity,0.545
리어 코너패널(우측)-스텐레스,,,,none,0.0
리어 코너패널(좌측),판금도장,23,백 패널(탈부착 미포함),similarity,0.545
리어 코너패널(좌측)-스텐레스,,,,none,0.0
리어 크로스 센타멤버,기능정비,108,리어 크로스멤버 컴플리트,similarity,0.667
리어 크로스멤버,기능정비,108,리어 크로스멤버 컴플리트,keyword,1.0
리어 크로스멤버-리벳고정식,기능정비,108,리어 크로스멤버 컴플리트,similarity,0.667
리어 포그램프(우측),,,,none,0.0
리어 포그램프(좌측),,,,none,0.0
리어 플로어멤버 서브ASSY,기능정비,108,리어 크로스멤버 컴플리트,similarity,0.5
리어 플로어패널(승합),판금도장,40,리어도어패널도장(LH),similarity,0.625
리어 플로어프레임 서브(우측),,,,none,0.0
리어 플로어프레임 서브(좌측),,,,none,0.0
리어 필러 트림(우측),기능정비,6,리어 머플러 어셈블리(LH),similarity,0.526
리어 필러 트림(좌측),기능정비,6,리어 머플러 어셈블리(LH),similarity,0.526
리어 허브베어링(우측),,,,none,0.0
리어 허브베어링(좌측),,,,none,0.0
리어 휀다 가니쉬(우측),,,,none,0.0
리어 휀다 가니쉬(좌측),,,,none,0.0
리어 휀다 삼각몰딩(우측),,,,none,0.0
리어 휀다 삼각몰딩(좌측),,,,none,0.0
리어 휀다(우측),판금도장,47,리어범퍼 도장(탈거된 상태),similarity,0.5
리어 휀다(좌측),판금도장,47,리어범퍼 도장(탈거된 상태),similarity,0.5
리어 휀다(좌측)(연료주입구측),판금도장,47,리어범퍼 도장(탈거된 상태),similarity,0.5
리어 휠가드(우측),,,,none,0.0
리어 휠가드(좌측),,,,none,0.0
리어 휠하우스 ASSY(우측),,,,none,0.0
리어 휠하우스 ASSY(좌측),,,,none,0.0
"리어 휠하우스(내측,우)",,,,none,0.0
"리어 휠하우스(내측,좌)",,,,none,0.0
"리어 휠하우스(외측,우)",,,,none,0.0
"리어 휠하우스(외측,좌)",,,,none,0.0
리어도어 힌지(우측),판금도장,40,리어도어패널도장(LH),similarity,0.533
리어도어 힌지(좌측),판금도장,40,리어도어패널도장(LH),similarity,0.533
리어도어(우측),판금도장,15,리어도어판넬어셈블리(LH),contains,0.75
리어도어(좌측),판금도장,15,리어도어판넬어셈블리(LH),contains,0.75
리어디퍼렌셜기어,,,,none,0.0
리어범퍼,판금도장,47,리어범퍼 도장(탈거된 상태),keyword,1.0
리어범퍼 ASSY,판금도장,47,리어범퍼 도장(탈거된 상태),similarity,0.625
리어범퍼 레일,판금도장,47,리어범퍼 도장(탈거된 상태),similarity,0.714
리어범퍼 레일스테이(우측),판금도장,47,리어범퍼 도장(탈거된 상태),similarity,0.588
리어범퍼 레일스테이(좌측),판금도장,47,리어범퍼 도장(탈거된 상태),similarity,0.588
리어범퍼 사이드브라켓(우측),판금도장,47,리어범퍼 도장(탈거된 상태),similarity,0.556
리어범퍼 사이드브라켓(좌측),판금도장,47,리어범퍼 도장(탈거된 상태),similarity,0.556
리어범퍼 언더커버,판금도장,47,리어범퍼 도장(탈거된 상태),similarity,0.625
리어범퍼 커버,판금도장,47,리어범퍼 도장(탈거된 상태),similarity,0.714
리어보조범퍼,판금도장,47,리어범퍼 도장(탈거된 상태),similarity,0.615
"리어사이드멤버(선단,우)",,,,none,0.0
"리어사이드멤버(선단,좌)",,,,none,0.0
리어사이드멤버(우측),,,,none,0.0
리어사이드멤버(좌측),,,,none,0.0
리어사이드스텝패널(우측),판금도장,26,사이드실외측패널(LH/탈부착미포함),similarity,0.588
리어서스팬션(우측),,,,none,0.0
리어서스팬션(일체식),,,,none,0.0
리어서스팬션(좌측),,,,none,0.0
리어서스펜션 크로스멤버,기능정비,108,리어 크로스멤버 컴플리트,similarity,0.64
리어서스펜션크로스멤버(4WD),기능정비,108,리어 크로스멤버 컴플리트,similarity,0.583
리어시트,,,,none,0.0
리어시트 백 서포트패널,판금도장,23,백 패널(탈부착 미포함),similarity,0.5
리어시트 분리형 #1,,,,none,0.0
리어시트 분리형 #2,,,,none,0.0
리어시트 분리형 #3,,,,none,0.0
리어시트 분리형 #4,,,,none,0.0
리어시트 분리형 #5,,,,none,0.0
리어시트 분리형 #6,,,,none,0.0
리어시트 분리형 #7,,,,none,0.0
리어시트 크로스 멤버,기능정비,108,리어 크로스멤버 컴플리트,similarity,0.667
리어시트 크로스멤버,기능정비,108,리어 크로스멤버 컴플리트,similarity,0.696
리어시트 크로스멤버 커버,기능정비,108,리어 크로스멤버 컴플리트,similarity,0.692
리어시트 파워프레임,,,,none,0.0
리어시트(2열),,,,none,0.0
"리어시트(2열,보조시트,좌)",,,,none,0.0
리어시트(3열),,,,none,0.0
"리어시트(3열,보조시트,좌)",,,,none,0.0
"리어시트(3열,우)",,,,none,0.0
"리어시트(3열,좌)",,,,none,0.0
리어시트(4열),,,,none,0.0
리어시트(5열),,,,none,0.0
"리어시트(분리형,3열,우)",,,,none,0.0
"리어시트(분리형,3열,좌)",,,,none,0.0
리어시트(우측),,,,none,0.0
리어시트(전동),,,,none,0.0
리어시트(좌측),,,,none,0.0
"리어시트2열(우,분리형)",,,,none,0.0
"리어시트2열(좌,분리형)",,,,none,0.0
리어시트3열(일체형),,,,none,0.0
리어액슬 ASSY,,,,none,0.0
리어액슬 하우징ASSY,,,,none,0.0
리어액슬ASSY(링크타입),,,,none,0.0
리어액슬ASSY(판스프링타입),,,,none,0.0
리어액슬ASSY(후륜구동),,,,none,0.0
리어액슬빔(FF형),,,,none,0.0
리어액슬하우징 ASSY,,,,none,0.0
리어에버포레이터,,,,none,0.0
리어엔드 크로스멤버,기능정비,108,리어 크로스멤버 컴플리트,similarity,0.696
리어엔드 크로스멤버(내측),기능정비,108,리어 크로스멤버 컴플리트,similarity,0.696
리어엔드 크로스멤버(외측),기능정비,108,리어 크로스멤버 컴플리트,similarity,0.696
리어엔드크로스멤버,기능정비,108,리어 크로스멤버 컴플리트,similarity,0.636
리어컴비네이션램프(우측),기능정비,32,리어컴비네이션램프어셈블리 (LH),similarity,0.818
리어컴비네이션램프(좌측),기능정비,32,리어컴비네이션램프어셈블리 (LH),similarity,0.818
리어크로스멤버#2,기능정비,108,리어 크로스멤버 컴플리트,similarity,0.636
리어크로스멤버#3,기능정비,108,리어 크로스멤버 컴플리트,similarity,0.636
리어크로스멤버#4,기능정비,108,리어 크로스멤버 컴플리트,similarity,0.636
리어크로스멤버#5,기능정비,108,리어 크로스멤버 컴플리트,similarity,0.636
리어크로스멤버#6,기능정비,108,리어 크로스멤버 컴플리트,similarity,0.636
리어크로스멤버(센터),기능정비,108,리어 크로스멤버 컴플리트,similarity,0.7
리어크로스멤버(프론트),기능정비,108,리어 크로스멤버 컴플리트,similarity,0.7
리어파크 어시스트컴퓨터,,,,none,0.0
리어플로어패널,판금도장,40,리어도어패널도장(LH),similarity,0.667
리어플로워 컴플리트,기능정비,108,리어 크로스멤버 컴플리트,similarity,0.696
리어플로워패널,판금도장,40,리어도어패널도장(LH),similarity,0.533
리어필러트림(우측),,,,none,0.0
리어필러트림(좌측),,,,none,0.0
리어필러패널(우측),판금도장,40,리어도어패널도장(LH),similarity,0.571
리어필러패널(좌측),판금도장,40,리어도어패널도장(LH),similarity,0.571
리어휀다 몰딩(우측),,,,none,0.0
리어휀다 몰딩(좌측),,,,none,0.0
리어휀다 및 리어휠하우스(우측),,,,none,0.0
리어휀다 및 리어휠하우스(좌측),,,,none,0.0
"리어휀다(소프트탑,우)",,,,none,0.0
"리어휀다(소프트탑,좌)",,,,none,0.0
"리어휀다패널(내외측,연료,우)",판금도장,40,리어도어패널도장(LH),similarity,0.571
"리어휀다패널(내외측,연료,좌)",판금도장,40,리어도어패널도장(LH),similarity,0.571
"리어휀다패널(내외측,우)",판금도장,40,리어도어패널도장(LH),similarity,0.571
"리어휀다패널(내외측,좌)",판금도장,40,리어도어패널도장(LH),similarity,0.571
"리어휀다패널(내측,우)",판금도장,40,리어도어패널도장(LH),similarity,0.571
"리어휀다패널(내측,좌)",판금도장,40,리어도어패널도장(LH),similarity,0.571
"리어휀다패널(연료,우)",판금도장,40,리어도어패널도장(LH),similarity,0.571
"리어휀다패널(연료,좌)",판금도장,40,리어도어패널도장(LH),similarity,0.571
리어휀다패널(우측),판금도장,40,리어도어패널도장(LH),similarity,0.571
리어휀다패널(좌측),판금도장,40,리어도어패널도장(LH),similarity,0.571
"리어휠하우스(우,2축차)",,,,none,0.0
리어휠하우스(우측),,,,none,0.0
"리어휠하우스(좌,2축차)",,,,none,0.0
리어휠하우스(좌측),,,,none,0.0
리어히터,,,,none,0.0
맥퍼슨 타워 패널(우측),,,,none,0.0
맥퍼슨 타워 패널(좌측),,,,none,0.0
머드가드(뒤우),기능정비,8,프론트 머드 가드,similarity,0.615
머드가드(뒤좌),기능정비,8,프론트 머드 가드,similarity,0.615
머드가드(앞우),기능정비,8,프론트 머드 가드,similarity,0.615
머드가드(앞좌),기능정비,8,프론트 머드 가드,similarity,0.615
머플러 파이프,기능정비,6,리어 머플러 어셈블리(LH),keyword,0.5
메뉴얼스티어링기어,,,,none,0.0
메니홀드(배),,,,none,0.0
메니홀드(흡),,,,none,0.0
무릎에어백,,,,none,0.0
무릎에어백 모듈(운전석),기능정비,42,에어백 컨트롤 모듈,similarity,0.667
무릎에어백 모듈(조수석),기능정비,42,에어백 컨트롤 모듈,similarity,0.667
"문짝사각유리(뒤,우)",,,,none,0.0
"문짝사각유리(뒤,좌)",,,,none,0.0
문짝사각유리(뒤우),,,,none,0.0
문짝사각유리(뒤좌),,,,none,0.0
"문짝사각유리(앞,우)",,,,none,0.0
"문짝사각유리(앞,좌)",,,,none,0.0
문짝사각유리(앞우),,,,none,0.0
문짝사각유리(앞좌),,,,none,0.0
문짝삼각유리(뒤도어)(우측),,,,none,0.0
문짝삼각유리(뒤도어)(좌측),,,,none,0.0
"문짝삼각유리(앞,우)",,,,none,0.0
"문짝삼각유리(앞,좌)",,,,none,0.0
문짝삼각유리(앞우),,,,none,0.0
문짝삼각유리(앞좌),,,,none,0.0
미션마운트,,,,none,0.0
바닥매트(뒷부분),,,,none,0.0
"바닥매트(앞,우)",,,,none,0.0
"바닥매트(앞,좌)",,,,none,0.0
바닥매트(앞부분),,,,none,0.0
바닥메트,,,,none,0.0
바디 컨스트럭션 댐퍼 컴플리트,,,,none,0.0
발판유리(우측),,,,none,0.0
밧데리,기능정비,40,밧데리-트랜스미터,contains,0.75
밧데리 캐리어,,,,none,0.0
배가파이프1번(프론트),기능정비,8,프론트 머드 가드,keyword,0.5
"배가파이프1번(프론트,V형 NO.1)",,,,none,0.0
"배가파이프1번(프론트,V형 NO.2)",,,,none,0.0
"배가파이프1번(프론트,V형)",,,,none,0.0
배기 브레이크 ASSY,기능정비,66,프론트 브레이크 디스크(양쪽),similarity,0.5
배기 브레이크 유니트,기능정비,66,프론트 브레이크 디스크(양쪽),similarity,0.522
배기매니홀드,,,,none,0.0
배기매니홀드 및 터보챠져,,,,none,0.0
배기매니홀드(V8 NO.1),,,,none,0.0
배기매니홀드(V8 NO.2),,,,none,0.0
배기매니홀드(V형 NO.1),,,,none,0.0
배기매니홀드(V형 NO.2),,,,none,0.0
배기매니홀드(V형),,,,none,0.0
배기매니홀드(V형엔진),,,,none,0.0
"배기매니홀드(가솔린,LPG)",,,,none,0.0
배기매니홀드(뒤),,,,none,0.0
배기매니홀드(디젤),,,,none,0.0
배기매니홀드(앞),,,,none,0.0
배기파이프1번(V형),,,,none,0.0
배기파이프1번(가솔린),,,,none,0.0
배기파이프1번(디젤),,,,none,0.0
배기파이프1번(프론트),기능정비,8,프론트 머드 가드,keyword,0.5
"배기파이프1번(프론트,V형 NO.1)",,,,none,0.0
"배기파이프1번(프론트,V형 NO.2)",,,,none,0.0
"배기파이프2번(머플러,듀얼)",,,,none,0.0
배기파이프2번(미들),,,,none,0.0
배기파이프3번(듀얼머플러),,,,none,0.0
배기파이프3번(머플러),기능정비,6,리어 머플러 어셈블리(LH),keyword,0.5
배기파이프3번(머플러)#2,,,,none,0.0
"배기파이프3번(머플러,듀얼)",,,,none,0.0
"배기파이프3번(머플러,우)",,,,none,0.0
"배기파이프3번(머플러,좌)#2",,,,none,0.0
배기파이프번(머플러),기능정비,6,리어 머플러 어셈블리(LH),keyword,0.5
배터리 매니지먼트 시스템 모듈,,,,none,0.0
배터리 배선,,,,none,0.0
배터리 쿨링 블로워 유닛,,,,none,0.0
배터리 프로젝션 퓨즈,,,,none,0.0
배터리 프로텍션 퓨즈(BDU),,,,none,0.0
백도어,판금도장,11,테일게이트 판넬 어셈블리,rule,1.0
백도어 가니쉬,,,,none,0.0
백도어 록크,,,,none,0.0
백도어 록크(파워게이트),,,,none,0.0
"백도어 쇼버(우,파워게이트)",,,,none,0.0
백도어 쇼버(우측),,,,none,0.0
"백도어 쇼버(좌,파워게이트)",,,,none,0.0
백도어 쇼버(좌측),,,,none,0.0
백도어 케이블,,,,none,0.0
백도어 힌지(우측),,,,none,0.0
백도어 힌지(좌측),,,,none,0.0
백도어(소프트탑),,,,none,0.0
백도어(와이퍼 부착형),,,,none,0.0
백도어(와이퍼모터부착형),,,,none,0.0
"백도어(우,트윈스윙도어)",,,,none,0.0
"백도어(좌,트윈스윙도어)",,,,none,0.0
백도어유리(우측),,,,none,0.0
백도어유리(좌측),,,,none,0.0
백도어케이블,,,,none,0.0
"백도어힌지(우,로워)",,,,none,0.0
"백도어힌지(우,어퍼)",,,,none,0.0
백도어힌지(우측),,,,none,0.0
"백도어힌지(좌,로워)",,,,none,0.0
"백도어힌지(좌,어퍼)",,,,none,0.0
백도어힌지(좌측),,,,none,0.0
백어퍼코너패널(우측),판금도장,23,백 패널(탈부착 미포함),similarity,0.545
백어퍼코너패널(좌측),판금도장,23,백 패널(탈부착 미포함),similarity,0.545
백어퍼패널,판금도장,23,백 패널(탈부착 미포함),similarity,0.667
백어퍼패널(외측),판금도장,23,백 패널(탈부착 미포함),similarity,0.667
백패널 트림,판금도장,48,백 패널 도장(판금후),similarity,0.615
백패널(리어 패널),판금도장,23,백 패널(탈부착 미포함),similarity,0.857
백패널(리어패널),판금도장,23,백 패널(탈부착 미포함),similarity,0.857
백패널(아우터),판금도장,23,백 패널(탈부착 미포함),similarity,0.857
백피니셔,,,,none,0.0
범퍼가드,,,,none,0.0
베벨기어,,,,none,0.0
베어 엔진,기능정비,7,엔진 언더 커버(LH OR 한개),keyword,0.5
베어엔진,,,,none,0.0
"베어엔진(가솔린,LPG)",,,,none,0.0
베어엔진(디젤),,,,none,0.0
베이퍼라이져,,,,none,0.0
벤티레이터 - 16개,,,,none,0.0
벤티레이터 - 1개,,,,none,0.0
벤티레이터 - 2개,,,,none,0.0
벤티레이터 - 32개,,,,none,0.0
벤티레이터 - 4개,,,,none,0.0
벤티레이터 - 8개,,,,none,0.0
변속기,기능정비,53,수동 변속기 오일,keyword,1.0
보드인너패널(내측앞패널),,,,none,0.0
보디철판 16장,,,,none,0.0
보디철판 16장-스텐레스,,,,none,0.0
"보디철판 16장-스텐레스,리벳",,,,none,0.0
"보디철판 16장-스텐레스,리벳접",,,,none,0.0
보디철판 1장,,,,none,0.0
보디철판 1장-스텐레스,,,,none,0.0
"보디철판 1장-스텐레스,리벳",,,,none,0.0
"보디철판 1장-스텐레스,리벳접",,,,none,0.0
보디철판 2장,,,,none,0.0
보디철판 2장-스텐레스,,,,none,0.0
"보디철판 2장-스텐레스,리벳",,,,none,0.0
"보디철판 2장-스텐레스,리벳접",,,,none,0.0
보디철판 4장,,,,none,0.0
보디철판 4장-스텐레스,,,,none,0.0
"보디철판 4장-스텐레스,리벳",,,,none,0.0
"보디철판 4장-스텐레스,리벳접",,,,none,0.0
보디철판 8장,,,,none,0.0
보디철판 8장-스텐레스,,,,none,0.0
"보디철판 8장-스텐레스,리벳",,,,none,0.0
"보디철판 8장-스텐레스,리벳접",,,,none,0.0
볼티지 스테빌라이져(우측),기능정비,103,스테이빌라이저 바,similarity,0.526
볼티지 스테빌라이져(좌측),기능정비,103,스테이빌라이저 바,similarity,0.526
브레이크 마스타 & 부스타,,,,none,0.0
브레이크 및 클러치페달,기능정비,73,브레이크 오일 및 공기 빼기,similarity,0.519
브레이크 부스터,기능정비,66,프론트 브레이크 디스크(양쪽),similarity,0.6
브레이크 에어빼기,기능정비,73,브레이크 오일 및 공기 빼기,similarity,0.583
브레이크 에어빼기(ABS),기능정비,73,브레이크 오일 및 공기 빼기,similarity,0.583
브레이크 챔버#1,기능정비,66,프론트 브레이크 디스크(양쪽),keyword,0.5
브레이크 챔버#2,기능정비,66,프론트 브레이크 디스크(양쪽),keyword,0.5
브레이크 챔버#3,기능정비,66,프론트 브레이크 디스크(양쪽),keyword,0.5
브레이크 챔버#4,기능정비,66,프론트 브레이크 디스크(양쪽),keyword,0.5
"브레이크 캘리퍼(뒤,우)",기능정비,66,프론트 브레이크 디스크(양쪽),similarity,0.5
"브레이크 캘리퍼(뒤,우측)",기능정비,66,프론트 브레이크 디스크(양쪽),similarity,0.5
"브레이크 캘리퍼(뒤,좌)",기능정비,66,프론트 브레이크 디스크(양쪽),similarity,0.5
"브레이크 캘리퍼(뒤,좌측)",기능정비,66,프론트 브레이크 디스크(양쪽),similarity,0.5
"브레이크 캘리퍼(앞,우)",기능정비,66,프론트 브레이크 디스크(양쪽),similarity,0.5
"브레이크 캘리퍼(앞,우측)",기능정비,66,프론트 브레이크 디스크(양쪽),similarity,0.5
"브레이크 캘리퍼(앞,좌)",기능정비,66,프론트 브레이크 디스크(양쪽),similarity,0.5
"브레이크 캘리퍼(앞,좌측)",기능정비,66,프론트 브레이크 디스크(양쪽),similarity,0.5
브레이크 콘트롤밸브 ASSY,,,,none,0.0
브레이크 파이핑(전체),기능정비,66,프론트 브레이크 디스크(양쪽),similarity,0.5
브레이크&엑셀페달 ASSY,,,,none,0.0
브레이크&클러치페달,,,,none,0.0
브레이크(에어)마스터실린더,기능정비,65,프론트브레이크디스크(LH),similarity,0.5
브레이크마스터실린더,기능정비,65,프론트브레이크디스크(LH),similarity,0.5
브레이크부스터&마스터 실린더,기능정비,11,클러치 릴리스 실린더 어셈블리,keyword,0.5
브레이크부스터&마스터실린더,,,,none,0.0
브레이크파이핑 프로텍터 커버,,,,none,0.0
브레이크페달,기능정비,65,프론트브레이크디스크(LH),similarity,0.5
브레이크페달 및 브라켓,기능정비,73,브레이크 오일 및 공기 빼기,similarity,0.519
블로어모터,,,,none,0.0
블로어모터(리어),기능정비,6,리어 머플러 어셈블리(LH),keyword,0.5
블로어모터(프론트),기능정비,8,프론트 머드 가드,keyword,0.5
사각 감지 컨트롤유닛,,,,none,0.0
사이드 리어 아우터 씰(우측),판금도장,42,아웃사이드 리어 뷰 미러 도장(LH/탈거된상태),similarity,0.571
"사이드 미러(우,O/H)",판금도장,42,아웃사이드 리어 뷰 미러 도장(LH/탈거된상태),similarity,0.545
"사이드 미러(우,전동)",판금도장,42,아웃사이드 리어 뷰 미러 도장(LH/탈거된상태),similarity,0.545
사이드 미러(우측),판금도장,42,아웃사이드 리어 뷰 미러 도장(LH/탈거된상태),similarity,0.545
사이드 미러(우측)-전동식,,,,none,0.0
"사이드 미러(좌,O/H)",판금도장,42,아웃사이드 리어 뷰 미러 도장(LH/탈거된상태),similarity,0.545
"사이드 미러(좌,전동)",판금도장,42,아웃사이드 리어 뷰 미러 도장(LH/탈거된상태),similarity,0.545
사이드 미러(좌측),판금도장,42,아웃사이드 리어 뷰 미러 도장(LH/탈거된상태),similarity,0.545
사이드 미러(좌측)-전동식,,,,none,0.0
사이드 바디 몰딩(우측),판금도장,24,사이드실 내측 패널(LH/탈부착 미포함),similarity,0.526
사이드 바디 몰딩(좌측),판금도장,24,사이드실 내측 패널(LH/탈부착 미포함),similarity,0.526
사이드 브레이크(족동식),기능정비,66,프론트 브레이크 디스크(양쪽),similarity,0.5
사이드 브레이크(핸드식),기능정비,66,프론트 브레이크 디스크(양쪽),similarity,0.5
사이드 서포트 패널 (헤드램,판금도장,24,사이드실 내측 패널(LH/탈부착 미포함),similarity,0.56
사이드 서포트 패널 (헤드램프패,판금도장,24,사이드실 내측 패널(LH/탈부착 미포함),similarity,0.519
사이드 서포트 패널(헤드램프패,판금도장,24,사이드실 내측 패널(LH/탈부착 미포함),similarity,0.538
사이드 스텝 인너패널(우측),판금도장,24,사이드실 내측 패널(LH/탈부착 미포함),similarity,0.667
사이드 스텝 인너패널(좌측),판금도장,24,사이드실 내측 패널(LH/탈부착 미포함),similarity,0.667
"사이드 스텝 패널(외측,우)",판금도장,24,사이드실 내측 패널(LH/탈부착 미포함),similarity,0.737
"사이드 스텝 패널(외측,우,부분)",판금도장,24,사이드실 내측 패널(LH/탈부착 미포함),similarity,0.737
"사이드 스텝 패널(외측,좌)",판금도장,24,사이드실 내측 패널(LH/탈부착 미포함),similarity,0.737
"사이드 스텝 패널(외측,좌,부분)",판금도장,24,사이드실 내측 패널(LH/탈부착 미포함),similarity,0.737
"사이드 스트럭쳐(우,외측)",,,,none,0.0
"사이드 스트럭쳐(우,일체)",,,,none,0.0
"사이드 스트럭쳐(좌,외측)",,,,none,0.0
"사이드 스트럭쳐(좌,일체)",,,,none,0.0
사이드 시일(우측),판금도장,24,사이드실 내측 패널(LH/탈부착 미포함),similarity,0.5
사이드 시일(좌측),판금도장,24,사이드실 내측 패널(LH/탈부착 미포함),similarity,0.5
사이드 에어컨 콘덴사,,,,none,0.0
사이드 윈도우 필러 - 16개,,,,none,0.0
사이드 윈도우 필러 - 1개,,,,none,0.0
사이드 윈도우 필러 - 2개,,,,none,0.0
사이드 윈도우 필러 - 4개,,,,none,0.0
사이드 윈도우 필러 - 8개,,,,none,0.0
사이드 패널 ASSY(우측)-뒤,판금도장,24,사이드실 내측 패널(LH/탈부착 미포함),similarity,0.522
사이드 패널 ASSY(우측)-앞,판금도장,24,사이드실 내측 패널(LH/탈부착 미포함),similarity,0.522
사이드 패널 ASSY(좌측),판금도장,24,사이드실 내측 패널(LH/탈부착 미포함),similarity,0.571
"사이드 프레임(외측,우) I",판금도장,24,사이드실 내측 패널(LH/탈부착 미포함),similarity,0.526
"사이드 프레임(외측,우) II",판금도장,24,사이드실 내측 패널(LH/탈부착 미포함),similarity,0.5
"사이드 프레임(외측,좌) I",판금도장,24,사이드실 내측 패널(LH/탈부착 미포함),similarity,0.526
"사이드 프레임(외측,좌) II",판금도장,24,사이드실 내측 패널(LH/탈부착 미포함),similarity,0.5
"사이드 프레임(일체,우) I",판금도장,24,사이드실 내측 패널(LH/탈부착 미포함),similarity,0.526
"사이드 프레임(일체,우) II",판금도장,24,사이드실 내측 패널(LH/탈부착 미포함),similarity,0.5
"사이드 프레임(일체,좌) I",판금도장,24,사이드실 내측 패널(LH/탈부착 미포함),similarity,0.526
"사이드 프레임(일체,좌) II",판금도장,24,사이드실 내측 패널(LH/탈부착 미포함),similarity,0.5
"사이드 프레임ASSY(외측,우)",,,,none,0.0
"사이드 프레임ASSY(외측,좌)",,,,none,0.0
"사이드 프레임ASSY(일체,우)",,,,none,0.0
"사이드 프레임ASSY(일체,좌)",,,,none,0.0
사이드멤버 클로징플레이트(우측),,,,none,0.0
사이드멤버 클로징플레이트(좌측),,,,none,0.0
"사이드미러(수동식,우)",기능정비,20,아웃사이드리어뷰미러어셈블리(LH),similarity,0.526
"사이드미러(수동식,좌)",기능정비,20,아웃사이드리어뷰미러어셈블리(LH),similarity,0.526
사이드미러(우측),기능정비,20,아웃사이드리어뷰미러어셈블리(LH),similarity,0.526
"사이드미러(전동식,우)",기능정비,20,아웃사이드리어뷰미러어셈블리(LH),similarity,0.526
"사이드미러(전동식,좌)",기능정비,20,아웃사이드리어뷰미러어셈블리(LH),similarity,0.526
사이드미러(좌측),기능정비,20,아웃사이드리어뷰미러어셈블리(LH),similarity,0.526
사이드바디몰딩(우측),,,,none,0.0
사이드바디몰딩(좌측),,,,none,0.0
사이드범퍼(우측),,,,none,0.0
사이드범퍼(좌측),,,,none,0.0
사이드브레이크,,,,none,0.0
사이드서포트패널(헤드램프,,,,none,0.0
사이드서포트패널(헤드램프패널),판금도장,26,사이드실외측패널(LH/탈부착미포함),similarity,0.625
"사이드스텝(우,스텝분리형)",,,,none,0.0
"사이드스텝(좌,스텝분리형)",,,,none,0.0
사이드스텝몰딩(우측),,,,none,0.0
사이드스텝몰딩(좌측),,,,none,0.0
"사이드스텝패널(내측,우)",판금도장,26,사이드실외측패널(LH/탈부착미포함),similarity,0.667
"사이드스텝패널(내측,좌)",판금도장,26,사이드실외측패널(LH/탈부착미포함),similarity,0.667
"사이드스텝패널(부분,외측,우)",판금도장,26,사이드실외측패널(LH/탈부착미포함),similarity,0.667
"사이드스텝패널(부분,외측,좌)",판금도장,26,사이드실외측패널(LH/탈부착미포함),similarity,0.667
"사이드스텝패널(외측,우)",판금도장,26,사이드실외측패널(LH/탈부착미포함),similarity,0.667
"사이드스텝패널(외측,좌)",판금도장,26,사이드실외측패널(LH/탈부착미포함),similarity,0.667
사이드스텝패널(우측),판금도장,26,사이드실외측패널(LH/탈부착미포함),similarity,0.667
사이드스텝패널(좌측),판금도장,26,사이드실외측패널(LH/탈부착미포함),similarity,0.667
사이드스텝패널ASSY(우측),판금도장,26,사이드실외측패널(LH/탈부착미포함),similarity,0.526
사이드스텝패널ASSY(좌측),판금도장,26,사이드실외측패널(LH/탈부착미포함),similarity,0.526
사이드씰(우측),판금도장,26,사이드실외측패널(LH/탈부착미포함),similarity,0.5
사이드씰(좌측),판금도장,26,사이드실외측패널(LH/탈부착미포함),similarity,0.5
사이드트림(우측),,,,none,0.0
사이드트림(좌측),,,,none,0.0
"사이드패널(내측,우)",판금도장,26,사이드실외측패널(LH/탈부착미포함),similarity,0.769
"사이드패널(내측,좌)",판금도장,26,사이드실외측패널(LH/탈부착미포함),similarity,0.769
"사이드패널(외측,우)",판금도장,26,사이드실외측패널(LH/탈부착미포함),similarity,0.769
"사이드패널(외측,좌)",판금도장,26,사이드실외측패널(LH/탈부착미포함),similarity,0.769
사이드패널ASSY(우측),판금도장,26,사이드실외측패널(LH/탈부착미포함),similarity,0.588
사이드패널ASSY(좌측),판금도장,26,사이드실외측패널(LH/탈부착미포함),similarity,0.588
"사이드프레임 ASSY(화물,우)",,,,none,0.0
"사이드프레임 ASSY(화물,좌)",,,,none,0.0
"사이드프레임 내측패널(좌,승합)",판금도장,24,사이드실 내측 패널(LH/탈부착 미포함),similarity,0.762
"사이드프레임 외측패널(좌,승합)",판금도장,26,사이드실외측패널(LH/탈부착미포함),similarity,0.737
산소센서,,,,none,0.0
산소센서#2,,,,none,0.0
상부레일(우측),,,,none,0.0
상부레일(좌측),,,,none,0.0
샤크 안테나,,,,none,0.0
샤크안테나,,,,none,0.0
서브 프레임ASSY,,,,none,0.0
서브프레임 ASSY,,,,none,0.0
서스펜션 크로스멤버,기능정비,108,리어 크로스멤버 컴플리트,similarity,0.522
서스펜션 크로스멤버(4WD),기능정비,108,리어 크로스멤버 컴플리트,similarity,0.522
서포트패널(지프),판금도장,4,라디에이터서포트패널어셈블리(범퍼/라디에이터/콘덴셔 미포함),contains,0.75
선루프 레인포스먼트 ASSY,,,,none,0.0
선루프 센터 레일,,,,none,0.0
선루프 센터레일,판금도장,9,선루프 어셈블리,keyword,0.5
선루프 크로스레일 리인포스,,,,none,0.0
선루프기구(전동식),,,,none,0.0
선바이져(우측),,,,none,0.0
선바이져(우측)-자동식,,,,none,0.0
선바이져(좌측),,,,none,0.0
선바이져(좌측)-자동식,,,,none,0.0
선반(우측),,,,none,0.0
선반(좌측),,,,none,0.0
센타스테이,,,,none,0.0
센타플로어패널,,,,none,0.0
센터 사이드멤버 ASSY(우측),,,,none,0.0
센터 사이드멤버 ASSY(좌측),,,,none,0.0
센터 스테이,판금도장,45,센터 외측 필라 어셈블리도장(LH/판금후),keyword,0.5
"센터 필러 ASSY(리무진형,우)",,,,none,0.0
"센터 필러 ASSY(리무진형,좌)",,,,none,0.0
센터 필러 ASSY(우측),,,,none,0.0
센터 필러 ASSY(좌측),,,,none,0.0
센터 필러 트림(우측),,,,none,0.0
센터 필러 트림(좌측),,,,none,0.0
"센터 필러(내측,좌)",,,,none,0.0
"센터 필러(외측,우)",,,,none,0.0
"센터 필러(외측,우,리무진형)",,,,none,0.0
"센터 필러(외측,좌)",,,,none,0.0
"센터 필러(외측,좌,리무진형)",,,,none,0.0
"센터 필러(인너,우)",,,,none,0.0
"센터 필러(인너,좌)",,,,none,0.0
센터멤버,,,,none,0.0
센터스테이,,,,none,0.0
"센터필러(내측,우)",,,,none,0.0
"센터필러(내측,좌)",,,,none,0.0
"센터필러(외측,우)",,,,none,0.0
"센터필러(외측,좌)",,,,none,0.0
센터필러ASSY(우측),,,,none,0.0
센터필러ASSY(좌측),,,,none,0.0
센터필러트림(우측),,,,none,0.0
센터필러트림(좌측),,,,none,0.0
소음기,,,,none,0.0
속도 표시등 - 1개,,,,none,0.0
속도 표시등 - 2개,,,,none,0.0
속도 표시등 - 4개,,,,none,0.0
쇼트엔진,,,,none,0.0
쇼트엔진(LPi),,,,none,0.0
"쇼트엔진(가솔린,LPG)",,,,none,0.0
쇼트엔진(디젤),,,,none,0.0
쇽업쇼버(뒤.우),,,,none,0.0
쇽업쇼버(뒤.좌),,,,none,0.0
쇽업쇼버(뒤우),,,,none,0.0
쇽업쇼버(뒤좌),,,,none,0.0
쇽업쇼버(앞.우),,,,none,0.0
쇽업쇼버(앞.좌),,,,none,0.0
쇽업쇼버(앞우),,,,none,0.0
쇽업쇼버(앞좌),,,,none,0.0
쉘프사이드패널(우측),판금도장,26,사이드실외측패널(LH/탈부착미포함),similarity,0.667
쉘프사이드패널(좌측),판금도장,26,사이드실외측패널(LH/탈부착미포함),similarity,0.667
스마트크루즈 컨트롤 모듈,기능정비,42,에어백 컨트롤 모듈,keyword,0.667
스커트패널,,,,none,0.0
스타팅모터,,,,none,0.0
스타팅모터 ASSY,,,,none,0.0
스테빌라이져(뒤),기능정비,103,스테이빌라이저 바,similarity,0.667
스테빌라이져(앞),기능정비,103,스테이빌라이저 바,similarity,0.667
스텝 플레이트(우측),,,,none,0.0
스텝 플레이트(좌측),,,,none,0.0
스트럿 하우징 패널(우측),판금도장,12,트렁크 리드 패널(사상작업포함),similarity,0.526
스트럿 하우징 패널(좌측),판금도장,12,트렁크 리드 패널(사상작업포함),similarity,0.526
스티어링 기어박스(매뉴얼),기능정비,69,파워 스티어링 오일 (장비사용),similarity,0.526
스티어링 기어박스(파워),기능정비,12,파워 스티어링 오일 펌프 어셈블리,keyword,0.667
스티어링 링케이지,기능정비,15,파워 스티어링 및 링키지(크로스멤버 탈착후),similarity,0.636
스티어링 오일 파이프#1,기능정비,12,파워 스티어링 오일 펌프 어셈블리,keyword,0.667
스티어링 오일 파이프#2,기능정비,12,파워 스티어링 오일 펌프 어셈블리,keyword,0.667
스티어링 오일 파이프#3,기능정비,12,파워 스티어링 오일 펌프 어셈블리,keyword,0.667
스티어링 오일 파이프#4,기능정비,12,파워 스티어링 오일 펌프 어셈블리,keyword,0.667
스티어링 컬럼ASSY,기능정비,12,파워 스티어링 오일 펌프 어셈블리,keyword,0.5
스티어링 컬럼ASSY(EPS),,,,none,0.0
스티어링 컬럼ASSY(MDPS),,,,none,0.0
스티어링 컬럼커버,기능정비,69,파워 스티어링 오일 (장비사용),similarity,0.526
스티어링 파워 펌프,기능정비,12,파워 스티어링 오일 펌프 어셈블리,keyword,1.0
스티어링 휠,기능정비,12,파워 스티어링 오일 펌프 어셈블리,keyword,1.0
스티어링컬럼 ASSY,,,,none,0.0
스티어링컬럼ASSY,,,,none,0.0
스티어링컬럼커버,,,,none,0.0
스티어링휠,기능정비,69,파워 스티어링 오일 (장비사용),similarity,0.533
스티프너 ASSY,,,,none,0.0
스티프너(로어),,,,none,0.0
스티프너(어퍼),,,,none,0.0
스티프너(하이),,,,none,0.0
스페어 타이어 캐리어,기능정비,80,타이어 펑크 수리,similarity,0.5
스페어타이어 캐리어,기능정비,80,타이어 펑크 수리,similarity,0.526
스페어타이어 캐리어#2,,,,none,0.0
스페어타이어 캐리어(용접식),기능정비,80,타이어 펑크 수리,similarity,0.526
스포일러,,,,none,0.0
스피드 인디케이터램프(속도등),,,,none,0.0
슬라이딩 도어(우측),,,,none,0.0
슬라이딩 도어(좌측),,,,none,0.0
슬라이딩 도어레일 커버(우측),,,,none,0.0
슬라이딩 도어레일 커버(좌측),,,,none,0.0
"슬라이딩 도어레일(로워,우)",,,,none,0.0
"슬라이딩 도어레일(로워,좌)",,,,none,0.0
"슬라이딩 도어레일(센터,우)",,,,none,0.0
"슬라이딩 도어레일(센터,좌)",,,,none,0.0
"슬라이딩 도어레일(어퍼,우)",,,,none,0.0
"슬라이딩 도어레일(어퍼,좌)",,,,none,0.0
슬라이딩 도어레일(우측),,,,none,0.0
슬라이딩 도어레일(좌측),,,,none,0.0
슬라이딩 로워레일 패널(우측),,,,none,0.0
슬라이딩 로워레일 패널(좌측),,,,none,0.0
슬라이딩 파워 액츄에이터(우측),,,,none,0.0
슬라이딩 파워 액츄에이터(좌측),,,,none,0.0
슬라이딩도어(우측),,,,none,0.0
슬라이딩도어(좌측),,,,none,0.0
슬라이딩도어레일(우측),,,,none,0.0
슬라이딩도어레일(좌측),,,,none,0.0
승강구 (슬라이딩) 도어 A'ss,,,,none,0.0
승강구 도어 실린더,,,,none,0.0
승강구 도어 실린더-스윙식,,,,none,0.0
승강구 상유리(끼움식),,,,none,0.0
승강구 상유리(접착식),,,,none,0.0
승강구 스텝패널(뒤),판금도장,23,백 패널(탈부착 미포함),similarity,0.5
승강구 스텝패널(뒤)-스텐레,,,,none,0.0
승강구 스텝패널(앞),판금도장,23,백 패널(탈부착 미포함),similarity,0.5
승강구 스텝패널(앞)-스텐레,,,,none,0.0
승강구 스텝패널(앞)-스텐레스,,,,none,0.0
"승강구 유리(저상버스,1개)",,,,none,0.0
"승강구 유리(저상버스,2개)",,,,none,0.0
"승강구 유리(저상버스,4개)",,,,none,0.0
"승강구 접이식유리(뒤,끼움)",,,,none,0.0
"승강구 접이식유리(뒤,접착)",,,,none,0.0
"승강구 접이식유리(앞,끼움)",,,,none,0.0
"승강구 접이식유리(앞,접착)",,,,none,0.0
승강구(스윙)도어 ASSY,,,,none,0.0
"승강구슬라이딩유리(상,끼움)",,,,none,0.0
"승강구슬라이딩유리(상,접착)",,,,none,0.0
"승강구슬라이딩유리(하,끼움)",,,,none,0.0
"승강구슬라이딩유리(하,접착)",,,,none,0.0
시그널 램프(우측),,,,none,0.0
시그널 램프(좌측),,,,none,0.0
시그널램프(우측),,,,none,0.0
시그널램프(좌측),,,,none,0.0
시트(운전석),,,,none,0.0
시트기어(16개),,,,none,0.0
시트기어(1개),,,,none,0.0
시트기어(2개),,,,none,0.0
시트기어(32개),,,,none,0.0
시트기어(4개),,,,none,0.0
시트기어(8개),,,,none,0.0
시트기어(우측),,,,none,0.0
시트기어(좌측),,,,none,0.0
실내내장-16장,,,,none,0.0
실내내장-1장,,,,none,0.0
실내내장-2장,,,,none,0.0
실내내장-4장,,,,none,0.0
실내내장-8장,,,,none,0.0
실내룸 배선,,,,none,0.0
실내룸 배선(우측),,,,none,0.0
실내룸 배선(좌측),,,,none,0.0
"실내바닥 언더커버(뒤,우)",기능정비,7,엔진 언더 커버(LH OR 한개),similarity,0.588
"실내바닥 언더커버(뒤,좌)",기능정비,7,엔진 언더 커버(LH OR 한개),similarity,0.588
"실내바닥 언더커버(앞,우)",기능정비,7,엔진 언더 커버(LH OR 한개),similarity,0.588
"실내바닥 언더커버(앞,좌)",기능정비,7,엔진 언더 커버(LH OR 한개),similarity,0.588
실내바닥 언더커버(우측),기능정비,7,엔진 언더 커버(LH OR 한개),similarity,0.588
실내바닥 언더커버(좌측),기능정비,7,엔진 언더 커버(LH OR 한개),similarity,0.588
실내바닥(뒤),,,,none,0.0
실내바닥(앞),,,,none,0.0
실린더 헤드,기능정비,11,클러치 릴리스 실린더 어셈블리,keyword,0.5
실린더 헤드 커버,,,,none,0.0
실린더 헤드 커버(우측),,,,none,0.0
실린더 헤드 커버(좌측),,,,none,0.0
실린더헤드,,,,none,0.0
실린더헤드(DOHC),,,,none,0.0
실린더헤드(SOHC),,,,none,0.0
"실린더헤드(V8,#1)",,,,none,0.0
"실린더헤드(V8,#2)",,,,none,0.0
실린더헤드(V형),,,,none,0.0
"실린더헤드(V형,#1)",,,,none,0.0
"실린더헤드(V형,#2)",,,,none,0.0
실린더헤드(V형엔진),,,,none,0.0
실린더헤드(가솔린),,,,none,0.0
"실린더헤드(가솔린,LPG)",,,,none,0.0
실린더헤드(디젤),,,,none,0.0
써머스탯 하우징,,,,none,0.0
씨피에프 컨버터,,,,none,0.0
아웃벨트 아이들 풀리 브라켓(디,,,,none,0.0
아웃벨트 오토텐셔너,,,,none,0.0
악셀레이터 패달,,,,none,0.0
악셀레이터 페달,,,,none,0.0
안전밸트(16개),,,,none,0.0
안전밸트(1개),,,,none,0.0
안전밸트(2개),,,,none,0.0
"안전밸트(2열,우)",,,,none,0.0
"안전밸트(2열,좌)",,,,none,0.0
안전밸트(2점식)NO.1,,,,none,0.0
안전밸트(2점식)NO.2,,,,none,0.0
안전밸트(2점식)NO.3,,,,none,0.0
안전밸트(2점식)NO.4,,,,none,0.0
안전밸트(2점식)NO.5,,,,none,0.0
안전밸트(2점식)NO.6,,,,none,0.0
안전밸트(2점식NO.1),,,,none,0.0
안전밸트(32개),,,,none,0.0
"안전밸트(3열,우)",,,,none,0.0
"안전밸트(3열,좌)",,,,none,0.0
안전밸트(4개),,,,none,0.0
"안전밸트(4열,우)",,,,none,0.0
"안전밸트(4열,좌)",,,,none,0.0
"안전밸트(5열,우)",,,,none,0.0
"안전밸트(5열,좌)",,,,none,0.0
안전밸트(8개),,,,none,0.0
안전벨트(2점식),,,,none,0.0
"안전벨트(3점식,뒤좌#2)",,,,none,0.0
"안전벨트(4열,중앙)",,,,none,0.0
"안전벨트(뒤,우)",,,,none,0.0
"안전벨트(뒤,좌)",,,,none,0.0
"안전벨트(뒤,중앙)",,,,none,0.0
"안전벨트(앞,우)",,,,none,0.0
"안전벨트(앞,우,프리텐셔너)",,,,none,0.0
"안전벨트(앞,좌)",,,,none,0.0
"안전벨트(앞,좌,프리텐셔너)",,,,none,0.0
"안전벨트(앞우,프리텐셔너)",,,,none,0.0
"안전벨트(앞좌,프리텐셔너)",,,,none,0.0
"안전벨트(프리텐셔너,앞우)",,,,none,0.0
"안전벨트(프리텐셔너,앞좌)",,,,none,0.0
안테나,,,,none,0.0
알터네이터,,,,none,0.0
앞 배선,,,,none,0.0
앞 코너패널(우측),판금도장,23,백 패널(탈부착 미포함),similarity,0.6
앞 코너패널(좌측),판금도장,23,백 패널(탈부착 미포함),similarity,0.6
앞 패널 ASSY,기능정비,19,백 패널 몰딩 어셈블리,keyword,0.5
"앞 패널 ASSY(스텐레스,상하",,,,none,0.0
"앞 패널 ASSY(스텐레스,상하분",,,,none,0.0
앞 패널 ASSY(스텐레스형),판금도장,48,백 패널 도장(판금후),similarity,0.5
"앞도어(우,전동,화물)",,,,none,0.0
"앞도어(우,화물)",,,,none,0.0
"앞도어(좌,전동,화물)",,,,none,0.0
"앞도어(좌,화물)",,,,none,0.0
"앞도어필러(우,내측)",,,,none,0.0
앞도어필러(우측),,,,none,0.0
"앞도어필러(좌,내측)",,,,none,0.0
앞도어필러(좌측),,,,none,0.0
앞바닥패널 ASSY,,,,none,0.0
앞배선,,,,none,0.0
앞범퍼,,,,none,0.0
앞범퍼(FRP),,,,none,0.0
앞범퍼(분할형),,,,none,0.0
앞범퍼(스텐레스형),,,,none,0.0
앞범퍼(우레탄형),,,,none,0.0
앞사이드 고정유리(접착),,,,none,0.0
"앞사이드멤버(단독,우)",,,,none,0.0
"앞사이드멤버(단독,좌)",,,,none,0.0
앞유리,,,,none,0.0
앞유리(접착식),,,,none,0.0
앞패널 로워 골조 ASSY,,,,none,0.0
앞패널 로워크로스멤버,기능정비,108,리어 크로스멤버 컴플리트,similarity,0.5
앞패널 센타크로스멤버,기능정비,108,리어 크로스멤버 컴플리트,similarity,0.5
앞패널 어퍼크로스멤버,기능정비,108,리어 크로스멤버 컴플리트,similarity,0.5
액슬빔가드(액슬빔 언더커버),,,,none,0.0
언더커버,기능정비,7,엔진 언더 커버(LH OR 한개),similarity,0.667
언더커버#1(앞뒤바닥),기능정비,7,엔진 언더 커버(LH OR 한개),similarity,0.571
언더커버#2(앞뒤바닥),기능정비,7,엔진 언더 커버(LH OR 한개),similarity,0.571
언더커버#3(앞뒤바닥),기능정비,7,엔진 언더 커버(LH OR 한개),similarity,0.571
언더커버#4(앞뒤바닥),기능정비,7,엔진 언더 커버(LH OR 한개),similarity,0.571
언더커버(앞),기능정비,7,엔진 언더 커버(LH OR 한개),similarity,0.667
언더커버(앞범퍼측),기능정비,7,엔진 언더 커버(LH OR 한개),similarity,0.667
언더커버(엔진룸),기능정비,7,엔진 언더 커버(LH OR 한개),similarity,0.667
"언더커버(엔진룸,리어)",기능정비,7,엔진 언더 커버(LH OR 한개),similarity,0.667
"언더커버(엔진룸,프론트)",기능정비,7,엔진 언더 커버(LH OR 한개),similarity,0.667
언더커버(우측),기능정비,7,엔진 언더 커버(LH OR 한개),similarity,0.667
언더커버(좌측),기능정비,7,엔진 언더 커버(LH OR 한개),similarity,0.667
업라이트 플로어패널,,,,none,0.0
에버포레이터,,,,none,0.0
"에버포레이터(단독형,일반형)",,,,none,0.0
에버포레이터(분리형),,,,none,0.0
에어 컴프레샤,기능정비,60,에어 클리너 필터,keyword,0.5
에어 컴프레셔 ASSY,,,,none,0.0
에어덕트(범퍼탈착시),,,,none,0.0
에어덕트(엔진 상부),,,,none,0.0
"에어백모듈(사이드,뒤우)",기능정비,42,에어백 컨트롤 모듈,similarity,0.667
"에어백모듈(사이드,뒤좌)",기능정비,42,에어백 컨트롤 모듈,similarity,0.667
"에어백모듈(사이드,앞우)",기능정비,42,에어백 컨트롤 모듈,similarity,0.667
"에어백모듈(사이드,앞좌)",기능정비,42,에어백 컨트롤 모듈,similarity,0.667
에어백모듈(운전석),기능정비,42,에어백 컨트롤 모듈,similarity,0.667
에어백모듈(조수석),기능정비,42,에어백 컨트롤 모듈,similarity,0.667
"에어백모듈(후석,우)",기능정비,42,에어백 컨트롤 모듈,similarity,0.667
"에어백모듈(후석,좌)",기능정비,42,에어백 컨트롤 모듈,similarity,0.667
에어백배선,,,,none,0.0
에어브레이크 밸브 ASSY,,,,none,0.0
에어서스펜션 리저브탱크,,,,none,0.0
에어서스펜션 스프링,기능정비,38,클락 스프링 어셈블리(에어백 포함),keyword,0.5
"에어서스펜션 스프링(뒤,우)",,,,none,0.0
"에어서스펜션 스프링(뒤,좌)",,,,none,0.0
"에어서스펜션 스프링(앞,우)",,,,none,0.0
"에어서스펜션 스프링(앞,좌)",,,,none,0.0
에어서스펜션 컴프레셔,기능정비,45,컴프레셔 어셈블리(**),keyword,0.5
에어챔버#1,,,,none,0.0
에어챔버#2,,,,none,0.0
에어챔버#3,,,,none,0.0
에어컨 개스,기능정비,52,에어컨 가스 충전(신냉매/완충),similarity,0.667
에어컨 덕트,기능정비,74,에어컨휠터,similarity,0.545
에어컨 에바포레이터(화물),기능정비,74,에어컨휠터,similarity,0.533
에어컨 컨덴샤,기능정비,51,에어컨 배출 및 충전,keyword,0.5
에어컨 컴프레샤,기능정비,51,에어컨 배출 및 충전,keyword,0.5
에어컨 컴프레샤 풀리,기능정비,45,컴프레셔 어셈블리(**),similarity,0.5
에어컨 콤프레샤,기능정비,51,에어컨 배출 및 충전,keyword,0.5
에어컨 파이프 NO.1,,,,none,0.0
에어컨 파이프 NO.1(듀얼),,,,none,0.0
에어컨 파이프 NO.2,,,,none,0.0
에어컨 파이프 NO.2(듀얼),,,,none,0.0
에어컨 파이프 NO.3,,,,none,0.0
에어컨 파이프 NO.3(듀얼),,,,none,0.0
에어컨 파이프 NO.4,,,,none,0.0
에어컨 파이프 NO.4(듀얼),,,,none,0.0
에어컨 파이프 NO.5,,,,none,0.0
에어컨 휀,기능정비,51,에어컨 배출 및 충전,keyword,1.0
에어컨(엔진)ASSY,기능정비,74,에어컨휠터,similarity,0.5
에어컨개스,기능정비,74,에어컨휠터,similarity,0.6
에어컨개스(듀얼타입),기능정비,74,에어컨휠터,similarity,0.6
에어컨컴프레샤,기능정비,74,에어컨휠터,similarity,0.5
에어컨콘덴샤,기능정비,74,에어컨휠터,similarity,0.545
에어컨파이프 NO.1,,,,none,0.0
에어컨파이프 NO.2,,,,none,0.0
에어컨파이프 NO.3,,,,none,0.0
에어컨파이프 NO.4,,,,none,0.0
에어컨휀,기능정비,74,에어컨휠터,similarity,0.667
에어컨휀#1,기능정비,74,에어컨휠터,similarity,0.545
에어컨휀#2,기능정비,74,에어컨휠터,similarity,0.545
에어콘 콘덴샤,,,,none,0.0
에어콘 콤프레셔,,,,none,0.0
에어콘개스,,,,none,0.0
에어크리너,기능정비,58,엔진오일/필터/에어크리너,keyword,1.0
에어클리너,기능정비,60,에어 클리너 필터,similarity,0.714
에어클리너ASSY,기능정비,60,에어 클리너 필터,similarity,0.556
에어탱크,,,,none,0.0
엑셀 페달,,,,none,0.0
엑티브 에어 플랩,,,,none,0.0
엑티브후드 엑추에이터(우측),,,,none,0.0
엑티브후드 엑추에이터(좌측),,,,none,0.0
엑티브후드센서,,,,none,0.0
엔진 ASSY,기능정비,7,엔진 언더 커버(LH OR 한개),keyword,0.5
엔진 ASSY(DOHC),,,,none,0.0
"엔진 ASSY(DOHC,쇼트엔진)",,,,none,0.0
엔진 ASSY(SOHC),,,,none,0.0
"엔진 ASSY(SOHC,쇼트엔진)",,,,none,0.0
엔진 ASSY(V8)),,,,none,0.0
"엔진 ASSY(V8,쇼트엔진)",,,,none,0.0
엔진 ASSY(V형),,,,none,0.0
"엔진 ASSY(V형,쇼트엔진)",,,,none,0.0
엔진 ASSY(쇼트엔진),,,,none,0.0
엔진 마운틴 및 브라켓(뒤),,,,none,0.0
"엔진 마운틴 및 브라켓(뒤,우)",,,,none,0.0
"엔진 마운틴 및 브라켓(뒤,조립",,,,none,0.0
"엔진 마운틴 및 브라켓(뒤,중앙)",,,,none,0.0
"엔진 마운틴 및 브라켓(로워,센",,,,none,0.0
"엔진 마운틴 및 브라켓(로워,우)",,,,none,0.0
엔진 마운틴 및 브라켓(앞),,,,none,0.0
"엔진 마운틴 및 브라켓(앞,조립",,,,none,0.0
"엔진 마운틴 및 브라켓(우,조립",,,,none,0.0
엔진 마운틴 및 브라켓(우측),,,,none,0.0
"엔진 마운틴 및 브라켓(좌,조립",,,,none,0.0
엔진 마운틴 및 브라켓(좌측),,,,none,0.0
엔진 미션 컴퓨터,,,,none,0.0
엔진 브라켓 파이프,,,,none,0.0
엔진 오일 팬 로워,기능정비,57,엔진 오일/휠터,keyword,0.667
엔진 오일 펌프,기능정비,12,파워 스티어링 오일 펌프 어셈블리,keyword,0.667
엔진 오일팬,기능정비,57,엔진 오일/휠터,similarity,0.714
엔진 오일팬(V8),기능정비,57,엔진 오일/휠터,similarity,0.714
엔진 오일팬(디젤),기능정비,57,엔진 오일/휠터,similarity,0.714
엔진 컨트롤 배선,기능정비,42,에어백 컨트롤 모듈,similarity,0.526
엔진 크로스멤버,기능정비,108,리어 크로스멤버 컴플리트,similarity,0.571
엔진&미션 컴퓨터,,,,none,0.0
엔진ASSY,,,,none,0.0
엔진ASSY(LPi),,,,none,0.0
"엔진ASSY(가솔린,LPG)",,,,none,0.0
엔진ASSY(디젤),,,,none,0.0
엔진룸 사이드 커버(우측),기능정비,7,엔진 언더 커버(LH OR 한개),similarity,0.667
엔진룸 사이드 커버(좌측),기능정비,7,엔진 언더 커버(LH OR 한개),similarity,0.667
엔진룸 정션박스 배선,,,,none,0.0
엔진룸 커버,기능정비,7,엔진 언더 커버(LH OR 한개),similarity,0.714
엔진룸 커버(볼트형),기능정비,7,엔진 언더 커버(LH OR 한개),similarity,0.714
엔진룸 커버(프론트),기능정비,7,엔진 언더 커버(LH OR 한개),similarity,0.714
엔진룸 휴즈박스 및 뒷배선,,,,none,0.0
엔진룸 휴즈박스 배선,,,,none,0.0
엔진룸배선,,,,none,0.0
엔진룸배선(가솔린),,,,none,0.0
엔진룸배선(디젤),,,,none,0.0
엔진룸배선(디젤엔진),,,,none,0.0
엔진룸사이드언더커버(우측),기능정비,7,엔진 언더 커버(LH OR 한개),similarity,0.667
엔진룸사이드언더커버(좌측),기능정비,7,엔진 언더 커버(LH OR 한개),similarity,0.667
엔진마운틴 및 브라켓(뒤),,,,none,0.0
엔진마운틴 및 브라켓(앞),,,,none,0.0
엔진마운틴 및 브라켓(우측),,,,none,0.0
엔진마운틴 및 브라켓(좌측),,,,none,0.0
엔진마운틴&브라켓(뒤),,,,none,0.0
엔진마운틴&브라켓(앞),,,,none,0.0
엔진마운틴&브라켓(우측),,,,none,0.0
엔진마운틴&브라켓(좌측),,,,none,0.0
엔진마운팅멤버브라켓(우측),,,,none,0.0
엔진오일 펌프,기능정비,57,엔진 오일/휠터,similarity,0.533
엔진오일팬,기능정비,57,엔진 오일/휠터,similarity,0.615
엔진오일팬(AWD),기능정비,57,엔진 오일/휠터,similarity,0.615
엔진오일펌프,기능정비,57,엔진 오일/휠터,similarity,0.571
엔진조정 A,,,,none,0.0
엔진조정 B,,,,none,0.0
엔진조정 C,,,,none,0.0
엔진크로스멤버,기능정비,109,크로스멤버 어셈블리,similarity,0.588
엔진크로스멤버(우측),기능정비,109,크로스멤버 어셈블리,similarity,0.588
엔진크로스멤버(좌측),기능정비,109,크로스멤버 어셈블리,similarity,0.588
엠프리파이어,,,,none,0.0
연료 고압펌프,기능정비,9,연료 탱크 어셈블리,keyword,0.5
연료 세디먼트 및 필터,,,,none,0.0
연료 세디멘터 및 필터,,,,none,0.0
연료 압력 레귤레이터,,,,none,0.0
연료 파이프(언더바디),,,,none,0.0
연료 필터,기능정비,61,LPI 필터,similarity,0.545
연료&브레이크 파이프 라인,,,,none,0.0
연료(분사)펌프,,,,none,0.0
연료고압펌프,,,,none,0.0
연료고압펌프(디젤),,,,none,0.0
연료주입 파이프,,,,none,0.0
연료탱크,기능정비,9,연료 탱크 어셈블리,similarity,0.571
연료파이프 프로텍터 커버,,,,none,0.0
연료파이핑(전체),기능정비,56,스파크 플러그 어셈블리 (전체),keyword,0.5
연료필터,,,,none,0.0
연료히터,,,,none,0.0
"옆창(미닫이식,창틀有)-16개",,,,none,0.0
"옆창(미닫이식,창틀有)-1개",,,,none,0.0
"옆창(미닫이식,창틀有)-2개",,,,none,0.0
"옆창(미닫이식,창틀有)-4개",,,,none,0.0
"옆창(미닫이식,창틀有)-8개",,,,none,0.0
"옆창(미닫이식,창틀無)-16개",,,,none,0.0
"옆창(미닫이식,창틀無)-1개",,,,none,0.0
"옆창(미닫이식,창틀無)-2개",,,,none,0.0
"옆창(미닫이식,창틀無)-4개",,,,none,0.0
"옆창(미닫이식,창틀無)-8개",,,,none,0.0
"옆창(상고정식,상,끼움)-1개",,,,none,0.0
"옆창(상고정식,상,끼움)-2개",,,,none,0.0
"옆창(상고정식,상,끼움)-4개",,,,none,0.0
"옆창(상고정식,상,끼움)-8개",,,,none,0.0
"옆창(상고정식,상,접착)-1개",,,,none,0.0
"옆창(상고정식,상,접착)-2개",,,,none,0.0
"옆창(상고정식,상,접착)-4개",,,,none,0.0
"옆창(상고정식,상,접착)-8개",,,,none,0.0
"옆창(상고정식,하,미닫이)-16개",,,,none,0.0
"옆창(상고정식,하,미닫이)-1개",,,,none,0.0
"옆창(상고정식,하,미닫이)-2개",,,,none,0.0
"옆창(상고정식,하,미닫이)-4개",,,,none,0.0
"옆창(상고정식,하,미닫이)-8개",,,,none,0.0
"옆창(상하고정,상,접착)-1개",,,,none,0.0
"옆창(상하고정,상,접착)-2개",,,,none,0.0
"옆창(상하고정,상,접착)-4개",,,,none,0.0
"옆창(상하고정,상,접착)-8개",,,,none,0.0
"옆창(상하고정,중앙,미닫)-16개",,,,none,0.0
"옆창(상하고정,중앙,미닫)-1개",,,,none,0.0
"옆창(상하고정,중앙,미닫)-2개",,,,none,0.0
"옆창(상하고정,중앙,미닫)-4개",,,,none,0.0
"옆창(상하고정,중앙,미닫)-8개",,,,none,0.0
"옆창(상하고정,하,접착)-1개",,,,none,0.0
"옆창(상하고정,하,접착)-2개",,,,none,0.0
"옆창(상하고정,하,접착)-4개",,,,none,0.0
"옆창(상하고정,하,접착)-8개",,,,none,0.0
"옆창유리(고정,끼움식)-1개",,,,none,0.0
"옆창유리(고정,끼움식)-2개",,,,none,0.0
"옆창유리(고정,끼움식)-4개",,,,none,0.0
"옆창유리(고정,끼움식)-8개",,,,none,0.0
"옆창유리(고정,접착식)-1개",,,,none,0.0
"옆창유리(고정,접착식)-2개",,,,none,0.0
"옆창유리(고정,접착식)-4개",,,,none,0.0
"옆창유리(고정,접착식)-8개",,,,none,0.0
"옆창유리(우, 1, 고정)",,,,none,0.0
"옆창유리(우, 1, 미닫이)",,,,none,0.0
"옆창유리(우, 2, 고정)",,,,none,0.0
"옆창유리(우, 2, 미닫이)",,,,none,0.0
"옆창유리(우,슬라이딩도어)",,,,none,0.0
"옆창유리(우,슬라이딩도어,고정)",,,,none,0.0
"옆창유리(우,슬라이딩도어,미닫",,,,none,0.0
"옆창유리(좌, 1, 고정)",,,,none,0.0
"옆창유리(좌, 1, 미닫이)",,,,none,0.0
"옆창유리(좌, 2, 고정)",,,,none,0.0
"옆창유리(좌, 2, 미닫이)",,,,none,0.0
"옆창유리(좌, 3, 고정)",,,,none,0.0
"옆창유리(좌, 3, 미닫이)",,,,none,0.0
"옆창유리(좌,슬라이딩도어)",,,,none,0.0
"옆창유리(좌,슬라이딩도어,미닫",,,,none,0.0
"옆창유리(좌.슬라이딩도어,고정)",,,,none,0.0
예비타이어 공구함탈착,,,,none,0.0
오디오 디스플레이,,,,none,0.0
오디오 엠프 및 스피커,,,,none,0.0
오디오엠프 및 우퍼스피커,,,,none,0.0
오일쿨러,,,,none,0.0
오일쿨러 ASSY,,,,none,0.0
오일쿨러 및 휠터바디,,,,none,0.0
오일쿨러(미션),,,,none,0.0
오일쿨러(파워오일),,,,none,0.0
오일쿨러파이프(파워오일),,,,none,0.0
오일필터(가솔린),기능정비,57,엔진 오일/휠터,similarity,0.5
오일필터(디젤),기능정비,57,엔진 오일/휠터,similarity,0.5
오토미션 오일 쿨링,기능정비,64,오토미션 오일 (장비 사용),similarity,0.824
와샤 탱크(뒤),기능정비,9,연료 탱크 어셈블리,keyword,0.5
와샤 탱크(앞),기능정비,9,연료 탱크 어셈블리,keyword,0.5
와셔탱크(뒤),,,,none,0.0
와셔탱크(앞),,,,none,0.0
와이퍼 링케이지,,,,none,0.0
와이퍼 모터,기능정비,47,윈드실드 와셔 모터 및 펌프 어셈블리,keyword,0.5
와이퍼 모터 및 링케이지,,,,none,0.0
와이퍼 모터(우측),,,,none,0.0
와이퍼 모터(좌측),,,,none,0.0
와이퍼링케이지,,,,none,0.0
와이퍼모터,,,,none,0.0
운전대 바닥패널(뒤),판금도장,23,백 패널(탈부착 미포함),similarity,0.5
"운전대 바닥패널(뒤,더블캡)",판금도장,23,백 패널(탈부착 미포함),similarity,0.5
운전대 바닥패널(앞),판금도장,23,백 패널(탈부착 미포함),similarity,0.5
운전대 백패널,판금도장,23,백 패널(탈부착 미포함),similarity,0.545
운전대 앞바닥 패널 A,,,,none,0.0
운전대 앞바닥 패널 B,,,,none,0.0
운전대 전체바닥,,,,none,0.0
운전대 전체바닥(더블캡),,,,none,0.0
운전대 전체바닥(일체형),,,,none,0.0
운전석 무릎 에어백,,,,none,0.0
운전석 백패널 트림,,,,none,0.0
운전석 시트(2인석),,,,none,0.0
"운전석비상(미닫이식,창틀有)",,,,none,0.0
"운전석비상(상고정식,미닫이)",,,,none,0.0
"운전석비상(상고정식,상)",,,,none,0.0
"운전석비상(상하고정,미닫이)",,,,none,0.0
"운전석비상(상하고정,상)",,,,none,0.0
"운전석비상(상하고정,하)",,,,none,0.0
운전석비상유리(고정식),,,,none,0.0
워터 펌프,기능정비,12,파워 스티어링 오일 펌프 어셈블리,keyword,0.5
워터펌프,기능정비,1,워터펌프어셈블리 및 가스켓(텐션조정포함),contains,0.75
워터펌프(2.7엔진),기능정비,1,워터펌프어셈블리 및 가스켓(텐션조정포함),contains,0.75
워터펌프(V형),기능정비,1,워터펌프어셈블리 및 가스켓(텐션조정포함),contains,0.75
"워터펌프(가솔린,LPG)",기능정비,1,워터펌프어셈블리 및 가스켓(텐션조정포함),contains,0.75
워터펌프(디젤),기능정비,1,워터펌프어셈블리 및 가스켓(텐션조정포함),contains,0.75
"윈도우 필러(우,내측)",,,,none,0.0
윈도우 필러(우측),,,,none,0.0
"윈도우 필러(좌,내측)",,,,none,0.0
윈도우 필러(좌측),,,,none,0.0
윈도우필러(우측),,,,none,0.0
윈도우필러(좌측),,,,none,0.0
윈드쉬일드패널,,,,none,0.0
윈드실드 로워패널,판금도장,24,사이드실 내측 패널(LH/탈부착 미포함),similarity,0.526
윈드실드 어퍼패널,판금도장,24,사이드실 내측 패널(LH/탈부착 미포함),similarity,0.526
유압실린더,,,,none,0.0
이그니션 코일,,,,none,0.0
이그니션코일,,,,none,0.0
익스텐션플로워(리어),기능정비,6,리어 머플러 어셈블리(LH),keyword,0.5
익스텐션플로워(프론트),기능정비,8,프론트 머드 가드,keyword,0.5
인버터 라디에이터,기능정비,2,라디에이터 어셈블리,similarity,0.526
인버터 라디에이터 리져브탱크,기능정비,2,라디에이터 어셈블리,similarity,0.56
인사이드 미러(룸미러),판금도장,42,아웃사이드 리어 뷰 미러 도장(LH/탈거된상태),similarity,0.522
인사이드미러(룸미러),기능정비,20,아웃사이드리어뷰미러어셈블리(LH),similarity,0.5
인스트루먼트 패널 골조,판금도장,34,루프 패널 도장,similarity,0.5
인스트루먼트 패널 골조-골조분,,,,none,0.0
인스트루먼트패널,,,,none,0.0
인젝션 노즐 NO.1,,,,none,0.0
인젝션 노즐 NO.2,,,,none,0.0
인젝션 노즐 NO.3,,,,none,0.0
인젝션 노즐 NO.4,,,,none,0.0
인젝션 노즐 NO.5,,,,none,0.0
인젝션 노즐 NO.6,,,,none,0.0
인젝션(연료)펌프,,,,none,0.0
인젝션펌프,,,,none,0.0
인젝터 ASSY,,,,none,0.0
인젝터 드라이브 박스,,,,none,0.0
인젝터NO1,,,,none,0.0
인젝터NO2,,,,none,0.0
인젝터NO3,,,,none,0.0
인젝터NO4,,,,none,0.0
인젝터NO5,,,,none,0.0
인젝터NO6,,,,none,0.0
인젝터NO7,,,,none,0.0
인젝터NO8,,,,none,0.0
인터쿨러,,,,none,0.0
인터쿨러 에어 가이드,,,,none,0.0
인터쿨러 파이프,,,,none,0.0
자동변속기오일팬,기능정비,53,수동 변속기 오일,similarity,0.706
적재함,,,,none,0.0
적재함 뒤힌지 체크,,,,none,0.0
적재함 뒷문,,,,none,0.0
"적재함 사이드패널 (외측,우)",판금도장,26,사이드실외측패널(LH/탈부착미포함),similarity,0.588
"적재함 사이드패널 (외측,좌)",판금도장,26,사이드실외측패널(LH/탈부착미포함),similarity,0.588
적재함 사이드패널 ASSY(우측),,,,none,0.0
적재함 사이드패널 ASSY(좌측),,,,none,0.0
적재함 스텝 ASSY,,,,none,0.0
적재함 옆문(우측),,,,none,0.0
적재함 옆문(좌측),,,,none,0.0
적재함 크로스멤버#1,기능정비,108,리어 크로스멤버 컴플리트,similarity,0.5
적재함 크로스멤버#2,기능정비,108,리어 크로스멤버 컴플리트,similarity,0.5
"적재함 탑, 탱크로리",,,,none,0.0
적재함(전체탈착),,,,none,0.0
전동식 롤러블라인드(뒤우),,,,none,0.0
전동식 롤러블라인드(뒤좌),,,,none,0.0
전동식 리어커튼,,,,none,0.0
전동식 에어컨 콤프레샤,,,,none,0.0
전동식 워터펌프,,,,none,0.0
전동식 파워도어 유닛(뒤우),,,,none,0.0
전동식 파워도어 유닛(뒤좌),,,,none,0.0
전동식 파워도어 유닛(앞우),,,,none,0.0
전동식 파워도어 유닛(앞좌),,,,none,0.0
전동식 히터 펌프,,,,none,0.0
전면 상단유리(끼움식),,,,none,0.0
전면 상단유리(접착식),,,,none,0.0
"전면유리(끼움식, 1피스)",,,,none,0.0
"전면유리(끼움식, 2피스,우)",,,,none,0.0
"전면유리(끼움식, 2피스,좌)",,,,none,0.0
"전면유리(접착식, 1피스)",,,,none,0.0
"전면유리(접착식, 2피스,우)",,,,none,0.0
"전면유리(접착식, 2피스,좌)",,,,none,0.0
전방 감지센서,,,,none,0.0
전방 감지센서(SPAS),,,,none,0.0
전방 감지센서(주차보조),,,,none,0.0
전방 사각 감지센서(1대분),,,,none,0.0
전방 카메라,,,,none,0.0
전방카메라,,,,none,0.0
전자식 브레이크 진공펌프,,,,none,0.0
전자식 파킹브레이크 ASSY,,,,none,0.0
전자식변속레버,,,,none,0.0
전체배선,,,,none,0.0
정션박스,,,,none,0.0
제너레이터 ASSY,,,,none,0.0
종합계기ASSY,,,,none,0.0
종합계기판,,,,none,0.0
진공펌프,,,,none,0.0
차량크리닝(도장작업시),,,,none,0.0
차선이탈경보유닛(LDWS),,,,none,0.0
창틀(대)-1개,,,,none,0.0
창틀(대)-2개,,,,none,0.0
창틀(대)-4개,,,,none,0.0
창틀(대)-8개,,,,none,0.0
창틀(소)-1개,,,,none,0.0
창틀(소)-2개,,,,none,0.0
창틀(소)-4개,,,,none,0.0
창틀(소)-8개,,,,none,0.0
창틀ASSY(우-1),,,,none,0.0
창틀ASSY(우-2),,,,none,0.0
창틀ASSY(우-슬라이딩도어),,,,none,0.0
창틀ASSY(좌-1),,,,none,0.0
창틀ASSY(좌-2),,,,none,0.0
창틀ASSY(좌-슬라이딩도어),,,,none,0.0
체인지 레바,,,,none,0.0
체인지레버,,,,none,0.0
체인지레버 케이블,,,,none,0.0
체인지레버 케이블 및 로드,,,,none,0.0
체인지레버(A/T),,,,none,0.0
체인지레버(M/T),,,,none,0.0
체인지레버로드,,,,none,0.0
체인지레버케이블및로드,,,,none,0.0
카울 및 대쉬패널,기능정비,91,카울 탑 커버 및 패드 어셈블리,keyword,0.5
카울 사이드패널(우측),판금도장,26,사이드실외측패널(LH/탈부착미포함),similarity,0.625
카울 사이드패널(좌측),판금도장,26,사이드실외측패널(LH/탈부착미포함),similarity,0.625
카울 크로스멤버,기능정비,108,리어 크로스멤버 컴플리트,similarity,0.571
카울 크로스멤버(용접식),기능정비,108,리어 크로스멤버 컴플리트,similarity,0.571
카울 프론트 패널,판금도장,28,프론트 필라 외측 패널 어셈블리 (LH),keyword,0.667
카울그릴,,,,none,0.0
카울로워 및 대쉬패널,,,,none,0.0
카울사이드패널(우측),판금도장,26,사이드실외측패널(LH/탈부착미포함),similarity,0.667
카울사이드패널(좌측),판금도장,26,사이드실외측패널(LH/탈부착미포함),similarity,0.667
카울언더커버,기능정비,7,엔진 언더 커버(LH OR 한개),similarity,0.571
카울언더커버(조립식),기능정비,7,엔진 언더 커버(LH OR 한개),similarity,0.571
카울언더패널,,,,none,0.0
카울크로스멤버,기능정비,109,크로스멤버 어셈블리,similarity,0.588
카울크로스멤버(용접식),기능정비,109,크로스멤버 어셈블리,similarity,0.588
카울톱패널,,,,none,0.0
카울패널,판금도장,23,백 패널(탈부착 미포함),similarity,0.5
카울패널(내측 또는 일체형),판금도장,23,백 패널(탈부착 미포함),similarity,0.5
카울패널(로워),기능정비,95,로워 암 어셈블리 (LH),keyword,0.5
카울패널(어퍼),판금도장,23,백 패널(탈부착 미포함),similarity,0.5
카탈리스트 컨버터,,,,none,0.0
카탈리스트 컨버터(V형 NO.1),,,,none,0.0
카탈리스트 컨버터(V형 NO.2),,,,none,0.0
카탈리스틱 컨버터(촉매),,,,none,0.0
카탈리틱 컨버터,,,,none,0.0
캐니스터,,,,none,0.0
캐빈 리어마운팅 멤버,,,,none,0.0
캐빈 컴플리트(승합),기능정비,108,리어 크로스멤버 컴플리트,similarity,0.5
"캐빈 컴플리트(승합,VAN)",기능정비,108,리어 크로스멤버 컴플리트,similarity,0.5
캐빈(운전대)온리,,,,none,0.0
캐빈(운전대)온리(더블캡),,,,none,0.0
캐빈(운전대)컴플리트,,,,none,0.0
캐빈(운전대)컴플리트(더블캡),,,,none,0.0
캐빈ASSY(ONLY),,,,none,0.0
캐빈ASSY(컴플리트),기능정비,108,리어 크로스멤버 컴플리트,keyword,0.5
캐빈로크장치 ASSY,,,,none,0.0
"캐빈마운팅볼트(1번,우)",,,,none,0.0
"캐빈마운팅볼트(1번,좌)",,,,none,0.0
캐빈마운팅브라켓 ASSY,,,,none,0.0
캐빈스테이 ASSY,,,,none,0.0
캔버스,,,,none,0.0
캔버스형 도어(우측),,,,none,0.0
캔버스형 도어(좌측),,,,none,0.0
캬부레터 ASSY,,,,none,0.0
커튼에어백(우측),,,,none,0.0
커튼에어백(좌측),,,,none,0.0
컴비네이션 램프 가니쉬(우측),기능정비,33,리어 콤비네이션 램프 어셈블리 (양쪽),similarity,0.571
컴비네이션 램프 가니쉬(좌측),기능정비,33,리어 콤비네이션 램프 어셈블리 (양쪽),similarity,0.571
컴비네이션 스위치,기능정비,39,스톱 램프 스위치 어셈블리,keyword,0.5
컴비네이션 피니셔(우측),,,,none,0.0
컴비네이션 피니셔(좌측),,,,none,0.0
컴비네이션스위치,,,,none,0.0
컴비네이션패널(우측),기능정비,32,리어컴비네이션램프어셈블리 (LH),similarity,0.5
컴비네이션패널(좌측),기능정비,32,리어컴비네이션램프어셈블리 (LH),similarity,0.5
컴비네이션휘니셔(우측),,,,none,0.0
컴비네이션휘니셔(좌측),,,,none,0.0
컴비램프 브라켓패널(우측),판금도장,8,루프 패널(탈부착 미포함),similarity,0.533
컴비램프 브라켓패널(좌측),판금도장,8,루프 패널(탈부착 미포함),similarity,0.533
"컴비램프(백도어 부착,우)",,,,none,0.0
"컴비램프(백도어 부착,좌)",,,,none,0.0
"컴비램프(부착형,우)",,,,none,0.0
"컴비램프(부착형,좌)",,,,none,0.0
"컴비램프(트렁크리드부착형,우)",,,,none,0.0
"컴비램프(트렁크리드부착형,좌)",,,,none,0.0
컴퓨터(ABS),,,,none,0.0
"컴퓨터(HCU,HEV)",,,,none,0.0
컴퓨터(에어백),기능정비,38,클락 스프링 어셈블리(에어백 포함),keyword,0.5
컴퓨터(엔진),기능정비,7,엔진 언더 커버(LH OR 한개),keyword,0.5
컴퓨터(엔진)리프로그래밍,,,,none,0.0
컴퓨터(자동밋션),,,,none,0.0
코너패널(우측),판금도장,23,백 패널(탈부착 미포함),similarity,0.5
코너패널(좌측),판금도장,23,백 패널(탈부착 미포함),similarity,0.5
콘솔박스,,,,none,0.0
콘솔박스 ASSY,,,,none,0.0
콘솔박스(뒤),,,,none,0.0
콘솔박스(모니터부착형),,,,none,0.0
콘솔박스(앞),,,,none,0.0
콤비네이션램프(우측),기능정비,33,리어 콤비네이션 램프 어셈블리 (양쪽),similarity,0.609
콤비네이션램프(좌측),기능정비,33,리어 콤비네이션 램프 어셈블리 (양쪽),similarity,0.609
쿨러유니트(루프부착형),,,,none,0.0
"쿼터리어내측패널(우,승합)",판금도장,32,쿼터 외측 패널도장(LH),similarity,0.556
"쿼터리어내측패널(좌,승합)",판금도장,32,쿼터 외측 패널도장(LH),similarity,0.556
"쿼터리어내측패널(좌,초장축)",판금도장,32,쿼터 외측 패널도장(LH),similarity,0.556
"쿼터리어외측패널(우,승합)",판금도장,32,쿼터 외측 패널도장(LH),similarity,0.667
"쿼터리어외측패널(우,승합,롱바",,,,none,0.0
"쿼터리어외측패널(좌,승합)",판금도장,32,쿼터 외측 패널도장(LH),similarity,0.667
"쿼터리어외측패널(좌,초장축)",판금도장,32,쿼터 외측 패널도장(LH),similarity,0.667
"쿼터사이드 로워패널(내측,우,소",,,,none,0.0
"쿼터사이드 로워패널(내측,좌,소",,,,none,0.0
"쿼터사이드 로워패널(외측,우,소",,,,none,0.0
"쿼터사이드 로워패널(외측,좌,소",,,,none,0.0
쿼터트림(우측),,,,none,0.0
쿼터트림(좌측),,,,none,0.0
"쿼터프론트내측패널(좌,초장축)",판금도장,32,쿼터 외측 패널도장(LH),similarity,0.526
"쿼터프론트외측패널(좌,초장축)",판금도장,32,쿼터 외측 패널도장(LH),similarity,0.632
크랭크 풀리,,,,none,0.0
크러쉬로워패드,,,,none,0.0
크러쉬로워패드(운전석측),,,,none,0.0
크러쉬패드,,,,none,0.0
크러쉬패드 배선,,,,none,0.0
크러쉬패드배선,,,,none,0.0
크러시 패드,기능정비,70,프론트 디스크 브레이크 패드 키트(LH),keyword,0.5
크러시패드,,,,none,0.0
크러시패드분리형덮개,,,,none,0.0
크로스멤버 ASSY No.2,,,,none,0.0
크루즈컨트롤 모듈,기능정비,42,에어백 컨트롤 모듈,similarity,0.632
크루즈컨트롤 모듈 정렬,기능정비,42,에어백 컨트롤 모듈,similarity,0.545
클러치 마스타 실린더,기능정비,11,클러치 릴리스 실린더 어셈블리,keyword,0.667
클러치 마스터 실린더,기능정비,11,클러치 릴리스 실린더 어셈블리,keyword,0.667
클러치 및 브레이크패달 브라,,,,none,0.0
클러치 및 브레이크패달 브라켓,,,,none,0.0
클러치 케이블,기능정비,11,클러치 릴리스 실린더 어셈블리,keyword,0.5
클러치 페달,기능정비,11,클러치 릴리스 실린더 어셈블리,keyword,0.5
클러치마스터 실린더,기능정비,11,클러치 릴리스 실린더 어셈블리,similarity,0.615
클러치마스터실린더,기능정비,11,클러치 릴리스 실린더 어셈블리,similarity,0.56
클러치페달,,,,none,0.0
클러치페달 및 브라켓,,,,none,0.0
클럭스프링,기능정비,38,클락 스프링 어셈블리(에어백 포함),similarity,0.5
키 셋트(전체),기능정비,56,스파크 플러그 어셈블리 (전체),keyword,0.5
키셋트,,,,none,0.0
타이로드엔드(우측),,,,none,0.0
타이로드엔드(좌측),,,,none,0.0
타이밍 기어,기능정비,14,파워 스티어링 기어 및 링키지 어셈블리,keyword,0.5
타이밍 밸트,,,,none,0.0
타이밍 체인 리어 케이스,,,,none,0.0
타이밍 체인 프론트 케이스,,,,none,0.0
타이밍 체인 프론트 케이스(V형),,,,none,0.0
타이밍 카바,,,,none,0.0
타이밍벨트,,,,none,0.0
타이밍벨트 커버(디젤),,,,none,0.0
타이밍벨트(벨트식),,,,none,0.0
타이밍벨트(체인식),,,,none,0.0
타이밍벨트커버,,,,none,0.0
타이밍체인 프론트 케이스,,,,none,0.0
타이밍커버,,,,none,0.0
타이밍커버(V형엔진),,,,none,0.0
타이밍커버(가솔린),,,,none,0.0
타이밍커버(디젤),,,,none,0.0
타이밍커버(알루미늄),,,,none,0.0
타이어#1,,,,none,0.0
타이어#10,,,,none,0.0
타이어#2,,,,none,0.0
타이어#3,,,,none,0.0
타이어#4,,,,none,0.0
타이어#5,,,,none,0.0
타이어#6,,,,none,0.0
타이어#7,,,,none,0.0
타이어#8,,,,none,0.0
타이어#9,,,,none,0.0
"타이어(뒤,우)",기능정비,80,타이어 펑크 수리,contains,0.75
"타이어(뒤,좌)",기능정비,80,타이어 펑크 수리,contains,0.75
타이어(뒤우),기능정비,80,타이어 펑크 수리,contains,0.75
타이어(뒤좌),기능정비,80,타이어 펑크 수리,contains,0.75
"타이어(앞,우)",기능정비,80,타이어 펑크 수리,contains,0.75
"타이어(앞,좌)",기능정비,80,타이어 펑크 수리,contains,0.75
타이어(앞우),기능정비,80,타이어 펑크 수리,contains,0.75
타이어(앞좌),기능정비,80,타이어 펑크 수리,contains,0.75
탑,기능정비,91,카울 탑 커버 및 패드 어셈블리,contains,0.75
탑바우,,,,none,0.0
터널패널,판금도장,23,백 패널(탈부착 미포함),similarity,0.5
터보차져,,,,none,0.0
터보챠져(과급기),,,,none,0.0
테일게이트 힌지(우측),판금도장,36,테일 게이트 패널 도장,similarity,0.6
테일게이트 힌지(좌측),판금도장,36,테일 게이트 패널 도장,similarity,0.6
테일게이트(적재함 뒤),판금도장,11,테일게이트 판넬 어셈블리,contains,0.75
테일스커트 아우터패널,판금도장,36,테일 게이트 패널 도장,similarity,0.522
테일스커트 인너패널,판금도장,36,테일 게이트 패널 도장,similarity,0.545
테일파이프,,,,none,0.0
통합팩키지모듈(HEV),,,,none,0.0
트랙션모터(HEV),,,,none,0.0
트랜스미션(A/T),기능정비,40,밧데리-트랜스미터,similarity,0.571
트랜스미션(A/T)밸브 바디,,,,none,0.0
트랜스미션(A/T)오일팬,기능정비,64,오토미션 오일 (장비 사용),similarity,0.533
트랜스미션(M/T),기능정비,40,밧데리-트랜스미터,similarity,0.571
트랜스밋션,,,,none,0.0
트랜스밋션 언더커버,기능정비,7,엔진 언더 커버(LH OR 한개),similarity,0.556
트랜스밋션 오일 워머,기능정비,63,오토 트랜스액슬 오일,similarity,0.545
트랜스밋션 오일 펌프,기능정비,12,파워 스티어링 오일 펌프 어셈블리,keyword,0.667
트랜스밋션 오일펌프 컨트롤유닛,,,,none,0.0
트랜스밋션(4WD),,,,none,0.0
트랜스퍼ASSY,,,,none,0.0
트랜스퍼케이스,,,,none,0.0
트렁크 플로워 사이드패널(우측),판금도장,12,트렁크 리드 패널(사상작업포함),similarity,0.636
트렁크 플로워 사이드패널(좌측),판금도장,12,트렁크 리드 패널(사상작업포함),similarity,0.636
트렁크룸내 매트(뒤범퍼탈착시),,,,none,0.0
트렁크룸내 바닥트림,,,,none,0.0
트렁크룸내 트림(뒤),기능정비,89,리어 패키지 트레이 트림 어셈블리,keyword,0.5
트렁크룸내 트림(상),기능정비,89,리어 패키지 트레이 트림 어셈블리,keyword,0.5
트렁크룸내 트림(앞),기능정비,89,리어 패키지 트레이 트림 어셈블리,keyword,0.5
트렁크룸내 트림(우측),,,,none,0.0
트렁크룸내 트림(좌측),,,,none,0.0
트렁크룸내트림(우측),,,,none,0.0
트렁크룸내트림(좌측),,,,none,0.0
트렁크리드,판금도장,12,트렁크 리드 패널(사상작업포함),similarity,0.714
트렁크리드 가니쉬,판금도장,12,트렁크 리드 패널(사상작업포함),similarity,0.667
트렁크리드 록크,판금도장,12,트렁크 리드 패널(사상작업포함),similarity,0.706
트렁크리드 마그네트,판금도장,12,트렁크 리드 패널(사상작업포함),similarity,0.632
트렁크리드 백피니셔,판금도장,12,트렁크 리드 패널(사상작업포함),similarity,0.632
트렁크리드 부착형 컴비램프(우측),판금도장,37,트렁크 리드 패널 도장(판금후),similarity,0.538
트렁크리드 부착형 컴비램프(좌측),판금도장,37,트렁크 리드 패널 도장(판금후),similarity,0.538
트렁크리드 쇼버(우측),판금도장,12,트렁크 리드 패널(사상작업포함),similarity,0.706
트렁크리드 쇼버(좌측),판금도장,12,트렁크 리드 패널(사상작업포함),similarity,0.706
트렁크리드 스트라이커(우측),판금도장,12,트렁크 리드 패널(사상작업포함),similarity,0.6
트렁크리드 스트라이커(좌측),판금도장,12,트렁크 리드 패널(사상작업포함),similarity,0.6
트렁크리드 스프링(막대형),판금도장,12,트렁크 리드 패널(사상작업포함),similarity,0.667
"트렁크리드 스프링(우,코일형)",판금도장,12,트렁크 리드 패널(사상작업포함),similarity,0.667
트렁크리드 스프링(우측),판금도장,12,트렁크 리드 패널(사상작업포함),similarity,0.667
"트렁크리드 스프링(좌,코일형)",판금도장,12,트렁크 리드 패널(사상작업포함),similarity,0.667
트렁크리드 스프링(좌측),판금도장,12,트렁크 리드 패널(사상작업포함),similarity,0.667
트렁크리드 케이블,판금도장,12,트렁크 리드 패널(사상작업포함),similarity,0.667
트렁크리드 피니셔,판금도장,12,트렁크 리드 패널(사상작업포함),similarity,0.667
트렁크리드 힌지(우측),판금도장,12,트렁크 리드 패널(사상작업포함),similarity,0.706
트렁크리드 힌지(좌측),판금도장,12,트렁크 리드 패널(사상작업포함),similarity,0.706
트렁크리드램프형백피니셔,,,,none,0.0
트렁크리드백피니셔,판금도장,12,트렁크 리드 패널(사상작업포함),similarity,0.556
트렁크리드스프링,판금도장,12,트렁크 리드 패널(사상작업포함),similarity,0.588
트렁크리드스프링(우측),판금도장,12,트렁크 리드 패널(사상작업포함),similarity,0.588
트렁크리드스프링(좌측),판금도장,12,트렁크 리드 패널(사상작업포함),similarity,0.588
트렁크리드케이블,판금도장,12,트렁크 리드 패널(사상작업포함),similarity,0.588
트렁크리드힌지(우측),판금도장,12,트렁크 리드 패널(사상작업포함),similarity,0.625
트렁크리드힌지(좌측),판금도장,12,트렁크 리드 패널(사상작업포함),similarity,0.625
트렁크바닥 및 실내바닥(뒤),,,,none,0.0
트렁크바닥 패널,판금도장,12,트렁크 리드 패널(사상작업포함),similarity,0.706
"트렁크바닥, 실내바닥 및 사이드",,,,none,0.0
트렁크바닥패널,판금도장,12,트렁크 리드 패널(사상작업포함),similarity,0.625
트렁크플로워 사이드 패널(우측),판금도장,12,트렁크 리드 패널(사상작업포함),similarity,0.727
트렁크플로워 사이드 패널(좌측),판금도장,12,트렁크 리드 패널(사상작업포함),similarity,0.727
트렁크플로워 패널,판금도장,12,트렁크 리드 패널(사상작업포함),similarity,0.667
트렁크플로워패널,판금도장,12,트렁크 리드 패널(사상작업포함),similarity,0.588
파노라마 사이드 몰딩(우측),,,,none,0.0
파노라마 사이드 몰딩(좌측),,,,none,0.0
파노라마 사이드몰딩(우측),,,,none,0.0
파노라마 사이드몰딩(좌측),,,,none,0.0
파노라마 선루프,판금도장,9,선루프 어셈블리,keyword,0.5
파노라마 프론트 글래스,,,,none,0.0
파노라마 프론트글래스,,,,none,0.0
파셀셀프 사이드패널(우측),판금도장,35,루프 사이드 외측 패널도장(LH),similarity,0.583
파셀셀프 사이드패널(좌측),판금도장,35,루프 사이드 외측 패널도장(LH),similarity,0.583
파워 스티어링 부스터,기능정비,69,파워 스티어링 오일 (장비사용),similarity,0.762
파워 스티어링 오일탱크,기능정비,69,파워 스티어링 오일 (장비사용),similarity,0.909
파워스티어링 기어(MDPS),기능정비,69,파워 스티어링 오일 (장비사용),similarity,0.737
파워스티어링 리저브탱크,기능정비,69,파워 스티어링 오일 (장비사용),similarity,0.636
파워스티어링 리져브 탱크,기능정비,15,파워 스티어링 및 링키지(크로스멤버 탈착후),similarity,0.615
파워스티어링 오일 쿨러,기능정비,69,파워 스티어링 오일 (장비사용),similarity,0.818
파워스티어링 펌프,기능정비,69,파워 스티어링 오일 (장비사용),similarity,0.737
파워스티어링 펌프(전기유압식),기능정비,69,파워 스티어링 오일 (장비사용),similarity,0.737
파워스티어링기어,기능정비,69,파워 스티어링 오일 (장비사용),similarity,0.667
파워스티어링기어(EPS),기능정비,69,파워 스티어링 오일 (장비사용),similarity,0.667
파워스티어링기어(MDPS),기능정비,69,파워 스티어링 오일 (장비사용),similarity,0.667
파워스티어링펌프,기능정비,69,파워 스티어링 오일 (장비사용),similarity,0.667
파워케이블(HEV),,,,none,0.0
파워트렁크 모듈,기능정비,42,에어백 컨트롤 모듈,keyword,0.5
파워트렁크 모터&링키지(우측),,,,none,0.0
파워트렁크 콘트롤러,,,,none,0.0
파이프류,,,,none,0.0
파킹엑츄에이터,,,,none,0.0
파킹케이블 컨트롤유니트,,,,none,0.0
파티션 바,,,,none,0.0
파티션 사이드트림(우측),,,,none,0.0
파티션 사이드트림(좌측),,,,none,0.0
파티션패널(실내칸막이),,,,none,0.0
판스프링(뒤우),,,,none,0.0
판스프링(뒤좌),,,,none,0.0
판스프링(앞우),,,,none,0.0
판스프링(앞좌),,,,none,0.0
판스프링(우측),,,,none,0.0
판스프링(좌측),,,,none,0.0
패달 ASSY,,,,none,0.0
패달ASSY(M/T),,,,none,0.0
패키지 트레이 트림,기능정비,89,리어 패키지 트레이 트림 어셈블리,keyword,1.0
팩키지 트레이 사이드패널(우측),,,,none,0.0
팩키지 트레이 사이드패널(좌측),,,,none,0.0
팩키지 트레이 트림,기능정비,89,리어 패키지 트레이 트림 어셈블리,keyword,0.667
팩키지 트레이 패널(용접식),기능정비,89,리어 패키지 트레이 트림 어셈블리,similarity,0.5
팩키지 트레이 패널(조립식),기능정비,89,리어 패키지 트레이 트림 어셈블리,similarity,0.5
팩키지트레이트림,기능정비,89,리어 패키지 트레이 트림 어셈블리,similarity,0.538
팩키지트레이패널(용접식),,,,none,0.0
페달&브라켓,,,,none,0.0
포그램프(우측),기능정비,31,프론트포그램프어셈블리 (RH),rule,1.0
포그램프(좌측),기능정비,29,프론트포그램프어셈블리 (LH),rule,1.0
프레임(지프),,,,none,0.0
프레임ASSY,,,,none,0.0
프레임리어크로스멤버,기능정비,108,리어 크로스멤버 컴플리트,similarity,0.609
프레임프론트크로스멤버,,,,none,0.0
프로펠라 샤프트,,,,none,0.0
프로펠라 샤프트#2,,,,none,0.0
프로펠라 샤프트#3,,,,none,0.0
프로펠라샤프트(뒤),,,,none,0.0
프로펠라샤프트(앞),,,,none,0.0
프로펠라샤프트ASSY,,,,none,0.0
프로펠러 샤프트,,,,none,0.0
프론트 도어 가니쉬(우측),기능정비,8,프론트 머드 가드,similarity,0.632
프론트 도어 가니쉬(좌측),기능정비,8,프론트 머드 가드,similarity,0.632
프론트 도어 몰딩(우측),기능정비,84,프론트 도어 래취 어셈블리 (LH),similarity,0.609
프론트 도어 몰딩(좌측),기능정비,84,프론트 도어 래취 어셈블리 (LH),similarity,0.609
"프론트 도어(우,사각감지)",기능정비,84,프론트 도어 래취 어셈블리 (LH),contains,0.75
"프론트 도어(우,전동)",기능정비,84,프론트 도어 래취 어셈블리 (LH),contains,0.75
"프론트 도어(우,파워)",기능정비,84,프론트 도어 래취 어셈블리 (LH),contains,0.75
프론트 도어(우측),기능정비,84,프론트 도어 래취 어셈블리 (LH),contains,0.75
프론트 도어(우측)-자동문,판금도장,30,프론트 범퍼 도장(탈거된상태),similarity,0.526
"프론트 도어(좌,사각감지)",기능정비,84,프론트 도어 래취 어셈블리 (LH),contains,0.75
"프론트 도어(좌,전동)",기능정비,84,프론트 도어 래취 어셈블리 (LH),contains,0.75
"프론트 도어(좌,파워)",기능정비,84,프론트 도어 래취 어셈블리 (LH),contains,0.75
프론트 도어(좌측),기능정비,84,프론트 도어 래취 어셈블리 (LH),contains,0.75
프론트 도어(좌측)-자동문,판금도장,30,프론트 범퍼 도장(탈거된상태),similarity,0.526
프론트 로워패널(볼트식),판금도장,8,루프 패널(탈부착 미포함),similarity,0.615
프론트 리어플로워(리어바닥),,,,none,0.0
프론트 마운팅멤버#1,기능정비,8,프론트 머드 가드,keyword,0.5
프론트 마운팅멤버#2,기능정비,8,프론트 머드 가드,keyword,0.5
프론트 배선,기능정비,8,프론트 머드 가드,similarity,0.533
프론트 범퍼,판금도장,1,프론트 범퍼 오버홀,rule,1.0
프론트 범퍼 레일,판금도장,30,프론트 범퍼 도장(탈거된상태),similarity,0.778
프론트 범퍼 레일 스테이(우측),판금도장,30,프론트 범퍼 도장(탈거된상태),similarity,0.636
프론트 범퍼 레일 스테이(좌측),판금도장,30,프론트 범퍼 도장(탈거된상태),similarity,0.636
프론트 범퍼 립,판금도장,1,프론트 범퍼 오버홀,keyword,1.0
프론트 범퍼 립(로워몰딩),판금도장,30,프론트 범퍼 도장(탈거된상태),similarity,0.824
프론트 범퍼 전방 센서,판금도장,30,프론트 범퍼 도장(탈거된상태),similarity,0.667
프론트 범퍼 커버,판금도장,1,프론트 범퍼 오버홀,similarity,0.842
프론트 범퍼 커버 어퍼서포트,판금도장,1,프론트 범퍼 오버홀,similarity,0.64
프론트 범퍼(ASSY공급시),판금도장,30,프론트 범퍼 도장(탈거된상태),similarity,0.8
프론트 범퍼(분할공급시),판금도장,30,프론트 범퍼 도장(탈거된상태),similarity,0.8
프론트 범퍼(에너지업소바),판금도장,30,프론트 범퍼 도장(탈거된상태),similarity,0.8
프론트 범퍼(우레탄),판금도장,30,프론트 범퍼 도장(탈거된상태),similarity,0.8
프론트 보디패널 ASSY,,,,none,0.0
프론트 사이드 멤버ASSY(우측),기능정비,8,프론트 머드 가드,similarity,0.522
프론트 사이드 멤버ASSY(좌측),기능정비,8,프론트 머드 가드,similarity,0.522
프론트 사이드 프레임(우측),기능정비,8,프론트 머드 가드,similarity,0.6
프론트 사이드 프레임(좌측),기능정비,8,프론트 머드 가드,similarity,0.6
프론트 사이드멤버 ASSY(우측),기능정비,8,프론트 머드 가드,similarity,0.522
프론트 사이드멤버 ASSY(좌측),기능정비,8,프론트 머드 가드,similarity,0.522
프론트 사이드프레임 서브(우측),기능정비,8,프론트 머드 가드,similarity,0.545
프론트 사이드프레임 서브(좌측),기능정비,8,프론트 머드 가드,similarity,0.545
"프론트 서스펜션(우,4WD)",기능정비,66,프론트 브레이크 디스크(양쪽),similarity,0.5
"프론트 서스펜션(좌,4WD)",기능정비,66,프론트 브레이크 디스크(양쪽),similarity,0.5
프론트 서스펜션ASSY(우측),,,,none,0.0
프론트 서스펜션ASSY(좌측),,,,none,0.0
프론트 스테빌라이져,기능정비,103,스테이빌라이저 바,similarity,0.526
프론트 시트 멤버,판금도장,1,프론트 범퍼 오버홀,similarity,0.632
"프론트 시트(우,사이드에어백)",기능정비,8,프론트 머드 가드,similarity,0.533
"프론트 시트(우,전동식)",기능정비,8,프론트 머드 가드,similarity,0.533
프론트 시트(우측),기능정비,8,프론트 머드 가드,similarity,0.533
"프론트 시트(좌,사이드에어백)",기능정비,8,프론트 머드 가드,similarity,0.533
"프론트 시트(좌,전동식)",기능정비,8,프론트 머드 가드,similarity,0.533
프론트 시트(좌측),기능정비,8,프론트 머드 가드,similarity,0.533
프론트 액슬,기능정비,92,프론트 액슬 너클(LH),keyword,1.0
프론트 어퍼 및 사이드 서포트,기능정비,85,프론트 도어 인사이드 핸들 어셈블리,similarity,0.571
프론트 어퍼 패널,판금도장,28,프론트 필라 외측 패널 어셈블리 (LH),keyword,0.667
프론트 어퍼 패널(볼트),판금도장,30,프론트 범퍼 도장(탈거된상태),similarity,0.667
프론트 어퍼패널,판금도장,8,루프 패널(탈부착 미포함),similarity,0.615
프론트 엔드 크로스멤버,기능정비,8,프론트 머드 가드,similarity,0.571
프론트 엔드 크로스멤버(외측),기능정비,8,프론트 머드 가드,similarity,0.571
프론트 엔드판넬,기능정비,8,프론트 머드 가드,similarity,0.588
프론트 윈도우 패널 ASSY,판금도장,38,프론트 도어 패널 어셈블리도장(LH/탈거된상태),similarity,0.581
프론트 크로스멤버,기능정비,66,프론트 브레이크 디스크(양쪽),similarity,0.571
프론트 크로스멤버 서브ASSY,,,,none,0.0
프론트 크로스멤버(#1),기능정비,66,프론트 브레이크 디스크(양쪽),similarity,0.571
프론트 크로스멤버(#1)-리벳,기능정비,108,리어 크로스멤버 컴플리트,similarity,0.56
프론트 크로스멤버(#1)-리벳고,기능정비,108,리어 크로스멤버 컴플리트,similarity,0.538
프론트 패널 ASSY,판금도장,28,프론트 필라 외측 패널 어셈블리 (LH),keyword,0.667
프론트 패널 ASSY(조립식),판금도장,34,루프 패널 도장,similarity,0.526
프론트 패널 ASSY(코너패널 일,판금도장,28,프론트 필라 외측 패널 어셈블리 (LH),keyword,0.5
프론트 패널 그룹,판금도장,28,프론트 필라 외측 패널 어셈블리 (LH),keyword,0.667
프론트 패널(조립식),판금도장,8,루프 패널(탈부착 미포함),similarity,0.727
프론트 플러워 보강대(세로),기능정비,8,프론트 머드 가드,similarity,0.5
프론트 플로어 프레임,기능정비,8,프론트 머드 가드,similarity,0.5
프론트 플로워(우측),기능정비,8,프론트 머드 가드,similarity,0.5
프론트 플로워(좌측),기능정비,8,프론트 머드 가드,similarity,0.5
프론트 필러 ASSY(우측),기능정비,8,프론트 머드 가드,similarity,0.5
프론트 필러 ASSY(좌측),기능정비,8,프론트 머드 가드,similarity,0.5
프론트 필러 고정유리(우측),기능정비,8,프론트 머드 가드,similarity,0.5
프론트 필러 고정유리(좌측),기능정비,8,프론트 머드 가드,similarity,0.5
프론트 필러 트림(우측),기능정비,8,프론트 머드 가드,similarity,0.556
프론트 필러 트림(좌측),기능정비,8,프론트 머드 가드,similarity,0.556
"프론트 필러(외측,우)",기능정비,8,프론트 머드 가드,similarity,0.533
"프론트 필러(외측,좌)",기능정비,8,프론트 머드 가드,similarity,0.533
프론트 필러(우측) - 내외측 분,판금도장,28,프론트 필라 외측 패널 어셈블리 (LH),similarity,0.581
프론트 필러(우측) - 내외측 분리,판금도장,28,프론트 필라 외측 패널 어셈블리 (LH),similarity,0.625
프론트 필러(좌측) - 내외측 분,판금도장,28,프론트 필라 외측 패널 어셈블리 (LH),similarity,0.581
프론트 필러(좌측) - 내외측 분리,판금도장,28,프론트 필라 외측 패널 어셈블리 (LH),similarity,0.625
프론트 허브베어링(우측),,,,none,0.0
프론트 허브베어링(좌측),,,,none,0.0
프론트 휀다 가니쉬(우측),기능정비,8,프론트 머드 가드,similarity,0.632
프론트 휀다 가니쉬(좌측),기능정비,8,프론트 머드 가드,similarity,0.632
프론트 휀다 몰딩(우측),기능정비,8,프론트 머드 가드,similarity,0.556
프론트 휀다 몰딩(좌측),기능정비,8,프론트 머드 가드,similarity,0.556
프론트 휀다(우측),기능정비,8,프론트 머드 가드,similarity,0.533
프론트 휀다(좌측),기능정비,8,프론트 머드 가드,similarity,0.533
프론트 휠 가드(우측),기능정비,8,프론트 머드 가드,similarity,0.824
프론트 휠 가드(좌측),기능정비,8,프론트 머드 가드,similarity,0.824
"프론트 휠 하우스(앞부분,우)",기능정비,66,프론트 브레이크 디스크(양쪽),similarity,0.571
"프론트 휠 하우스(앞부분,좌)",기능정비,66,프론트 브레이크 디스크(양쪽),similarity,0.571
프론트 휠 하우스ASSY(우측),,,,none,0.0
프론트 휠 하우스ASSY(좌측),,,,none,0.0
프론트 휠하우스아우터패널(우측),,,,none,0.0
프론트 휠하우스아우터패널(좌측),,,,none,0.0
프론트도어 오프닝 프레임(우측),기능정비,84,프론트 도어 래취 어셈블리 (LH),similarity,0.519
프론트도어 오프닝 프레임(좌측),기능정비,84,프론트 도어 래취 어셈블리 (LH),similarity,0.519
프론트도어(우측),판금도장,13,프론트도어판넬어셈블리(LH),contains,0.75
프론트도어(좌측),판금도장,13,프론트도어판넬어셈블리(LH),contains,0.75
프론트범퍼 사이드브라켓(우측),판금도장,30,프론트 범퍼 도장(탈거된상태),similarity,0.571
프론트범퍼 사이드브라켓(좌측),판금도장,30,프론트 범퍼 도장(탈거된상태),similarity,0.571
"프론트사이드 멤버(앞부분,우)",기능정비,8,프론트 머드 가드,similarity,0.556
"프론트사이드 멤버(앞부분,좌)",기능정비,8,프론트 머드 가드,similarity,0.556
"프론트사이드멤버(내측,우)",,,,none,0.0
"프론트사이드멤버(내측,좌)",,,,none,0.0
"프론트사이드멤버(단독,우)",,,,none,0.0
"프론트사이드멤버(단독,좌)",,,,none,0.0
"프론트사이드멤버(대쉬,우)",,,,none,0.0
"프론트사이드멤버(대쉬,좌)",,,,none,0.0
"프론트사이드멤버(센터,우)",,,,none,0.0
"프론트사이드멤버(센터,좌)",,,,none,0.0
"프론트사이드멤버(앞부분,우)",,,,none,0.0
"프론트사이드멤버(앞부분,좌)",,,,none,0.0
"프론트사이드멤버(외측,우)",,,,none,0.0
"프론트사이드멤버(외측,좌)",,,,none,0.0
프론트사이드멤버ASSY(우측),,,,none,0.0
프론트사이드멤버ASSY(좌측),,,,none,0.0
"프론트사이드멤버선단(우,볼트식",,,,none,0.0
"프론트사이드멤버선단(좌,볼트식",,,,none,0.0
프론트서스팬션ASSY(우측),,,,none,0.0
프론트서스팬션ASSY(좌측),,,,none,0.0
프론트서스펜션ASSY(좌측),,,,none,0.0
"프론트쇽업쇼버(킷트교환시,",,,,none,0.0
"프론트시트(우,전동)",기능정비,93,프론트액슬너클(양쪽),similarity,0.5
프론트시트(우측),기능정비,93,프론트액슬너클(양쪽),similarity,0.5
프론트시트(우측)_사이드에어백,,,,none,0.0
"프론트시트(좌,전동)",기능정비,93,프론트액슬너클(양쪽),similarity,0.5
프론트시트(좌측),기능정비,93,프론트액슬너클(양쪽),similarity,0.5
프론트시트(좌측)_사이드에어백,,,,none,0.0
프론트어퍼패널,판금도장,38,프론트 도어 패널 어셈블리도장(LH/탈거된상태),similarity,0.522
프론트어퍼패널(단독),판금도장,38,프론트 도어 패널 어셈블리도장(LH/탈거된상태),similarity,0.522
프론트패널 ASSY(볼트식),,,,none,0.0
프론트패널 ASSY(조립식),,,,none,0.0
프론트패널 그룹,판금도장,34,루프 패널 도장,similarity,0.5
프론트패널(라디에이터부착상태),판금도장,8,루프 패널(탈부착 미포함),similarity,0.6
프론트패널그룹,판금도장,8,루프 패널(탈부착 미포함),similarity,0.5
프론트패널센타커버서브ASSY,,,,none,0.0
프론트플로워 센터패널(터널패널,,,,none,0.0
프론트플로워 크로스멤버#1,,,,none,0.0
프론트플로워 크로스멤버#2,,,,none,0.0
프론트플로워 크로스멤버#3,,,,none,0.0
프론트플로워 크로스멤버#4,,,,none,0.0
프론트플로워패널,,,,none,0.0
프론트필러 가니쉬(우측),기능정비,8,프론트 머드 가드,similarity,0.556
프론트필러 가니쉬(좌측),기능정비,8,프론트 머드 가드,similarity,0.556
프론트필러 고정유리(우측),,,,none,0.0
프론트필러 고정유리(좌측),,,,none,0.0
"프론트필러(외측,우)",기능정비,93,프론트액슬너클(양쪽),similarity,0.5
"프론트필러(외측,좌)",기능정비,93,프론트액슬너클(양쪽),similarity,0.5
프론트필러ASSY(우측),,,,none,0.0
프론트필러ASSY(좌측),,,,none,0.0
프론트필러고정유리(우측),,,,none,0.0
프론트필러고정유리(좌측),,,,none,0.0
프론트필러트림(우측),,,,none,0.0
프론트필러트림(좌측),,,,none,0.0
프론트휀다 가니쉬(우측),기능정비,8,프론트 머드 가드,similarity,0.556
프론트휀다 가니쉬(좌측),기능정비,8,프론트 머드 가드,similarity,0.556
프론트휀다 몰딩(우측),,,,none,0.0
프론트휀다 몰딩(좌측),,,,none,0.0
프론트휀다(우측),기능정비,93,프론트액슬너클(양쪽),similarity,0.5
프론트휀다(좌측),기능정비,93,프론트액슬너클(양쪽),similarity,0.5
프론트휠가드(우측),기능정비,8,프론트 머드 가드,similarity,0.667
프론트휠가드(좌측),기능정비,8,프론트 머드 가드,similarity,0.667
프론트휠하우스(우측),,,,none,0.0
프론트휠하우스(좌측),,,,none,0.0
플로어 매트 - 16장,,,,none,0.0
플로어 매트 - 1장,,,,none,0.0
플로어 매트 - 2장,,,,none,0.0
플로어 매트 - 32장,,,,none,0.0
플로어 매트 - 4장,,,,none,0.0
플로어 매트 - 8장,,,,none,0.0
플로어 보드 - 16장,,,,none,0.0
플로어 보드 - 1장,,,,none,0.0
플로어 보드 - 2장,,,,none,0.0
플로어 보드 - 32장,,,,none,0.0
플로어 보드 - 4장,,,,none,0.0
플로어 보드 - 8장,,,,none,0.0
플로어 사이드패널(우측),판금도장,26,사이드실외측패널(LH/탈부착미포함),similarity,0.588
플로어 사이드패널(좌측),판금도장,26,사이드실외측패널(LH/탈부착미포함),similarity,0.588
플로어 센타크로스멤버,기능정비,108,리어 크로스멤버 컴플리트,similarity,0.583
플로어 센터 크로스 멤버,기능정비,108,리어 크로스멤버 컴플리트,similarity,0.538
플로워익스텐션패널(프론트),기능정비,8,프론트 머드 가드,keyword,0.5
플로워패널 익스텐션,,,,none,0.0
필러 외측패널(우측),판금도장,32,쿼터 외측 패널도장(LH),similarity,0.588
필러 외측패널(좌측),판금도장,32,쿼터 외측 패널도장(LH),similarity,0.588
필러트림(16개),,,,none,0.0
필러트림(1개),,,,none,0.0
필러트림(2개),,,,none,0.0
필러트림(32개),,,,none,0.0
필러트림(4개),,,,none,0.0
필러트림(8개),,,,none,0.0
하이드로릭 파워 유닛,,,,none,0.0
하이마운팅 스톱램프,,,,none,0.0
하이브리드 스타터 제너레이터,,,,none,0.0
하이브리드 파워 컨트롤 유닛,,,,none,0.0
해드램프 밸러스트(우측),기능정비,55,해드 램프 벌브 (한쪽),similarity,0.588
해드램프 밸러스트(좌측),기능정비,55,해드 램프 벌브 (한쪽),similarity,0.588
핸드브레이크레바,,,,none,0.0
허브(뒤우),,,,none,0.0
허브(뒤좌),,,,none,0.0
허브(앞우),,,,none,0.0
허브(앞좌),,,,none,0.0
헤더패널,판금도장,2,휀더패널어셈블리(LH/범퍼탈부착미포함),similarity,0.5
헤드램프 가니쉬(우측),기능정비,26,헤드 램프 어셈블리(LH),similarity,0.556
헤드램프 가니쉬(일체형),기능정비,27,헤드 램프 어셈블리 (양쪽),rule,1.0
헤드램프 가니쉬(좌측),기능정비,26,헤드 램프 어셈블리(LH),similarity,0.556
헤드램프 레벨링 엑츄에이터(우측),,,,none,0.0
헤드램프 레벨링 엑츄에이터(좌측),,,,none,0.0
헤드램프 브라켓(우측),기능정비,55,해드 램프 벌브 (한쪽),similarity,0.625
헤드램프 브라켓(좌측),기능정비,55,해드 램프 벌브 (한쪽),similarity,0.625
헤드램프 와셔(우측),기능정비,26,헤드 램프 어셈블리(LH),similarity,0.588
헤드램프 와셔(좌측),기능정비,26,헤드 램프 어셈블리(LH),similarity,0.588
헤드램프 패널(우측),판금도장,8,루프 패널(탈부착 미포함),similarity,0.667
헤드램프 패널(좌측),판금도장,8,루프 패널(탈부착 미포함),similarity,0.667
헤드램프(우측),기능정비,28,헤드 램프 어셈블리(RH),rule,1.0
헤드램프(좌측),기능정비,26,헤드 램프 어셈블리(LH),rule,1.0
헤드램프가니쉬(우측),,,,none,0.0
헤드램프가니쉬(좌측),,,,none,0.0
"헤드램프브라켓(수리킷,우#1)",기능정비,55,해드 램프 벌브 (한쪽),similarity,0.533
"헤드램프브라켓(수리킷,우#2)",기능정비,55,해드 램프 벌브 (한쪽),similarity,0.533
"헤드램프브라켓(수리킷,우#3)",기능정비,55,해드 램프 벌브 (한쪽),similarity,0.533
"헤드램프브라켓(수리킷,우#4)",기능정비,55,해드 램프 벌브 (한쪽),similarity,0.533
"헤드램프브라켓(수리킷,좌#1)",기능정비,55,해드 램프 벌브 (한쪽),similarity,0.533
"헤드램프브라켓(수리킷,좌#2)",기능정비,55,해드 램프 벌브 (한쪽),similarity,0.533
"헤드램프브라켓(수리킷,좌#3)",기능정비,55,해드 램프 벌브 (한쪽),similarity,0.533
"헤드램프브라켓(수리킷,좌#4)",기능정비,55,해드 램프 벌브 (한쪽),similarity,0.533
헤드램프브라켓(우측),기능정비,55,해드 램프 벌브 (한쪽),similarity,0.533
헤드램프브라켓(좌측),기능정비,55,해드 램프 벌브 (한쪽),similarity,0.533
헤드램프와셔(우측),기능정비,26,헤드 램프 어셈블리(LH),similarity,0.5
헤드램프와셔(좌측),기능정비,26,헤드 램프 어셈블리(LH),similarity,0.5
호이스트실린더,,,,none,0.0
혼,기능정비,43,혼 어셈블리 (LH),contains,0.75
혼(로우),기능정비,43,혼 어셈블리 (LH),contains,0.75
혼(하이),기능정비,43,혼 어셈블리 (LH),contains,0.75
후드,판금도장,5,후드 판넬 어셈블리,rule,1.0
후드 록크,기능정비,83,후드 래취 어셈블리,rule,1.0
후드 쇼버(우측),,,,none,0.0
후드 쇼버(좌측),,,,none,0.0
후드 인슐레이션,기능정비,83,후드 래취 어셈블리,keyword,0.5
후드 인슐레이션 패드,,,,none,0.0
후드 케이블,기능정비,83,후드 래취 어셈블리,rule,1.0
후드 힌지(우측),,,,none,0.0
후드 힌지(좌측),,,,none,0.0
후드록크,,,,none,0.0
후드리지 로워 ASSY(우측),,,,none,0.0
후드리지 로워 ASSY(좌측),,,,none,0.0
후드리지 로워 프론트(우측),,,,none,0.0
후드리지 로워 프론트(좌측),,,,none,0.0
"후드리지 리인포스먼트(뒤,우)",,,,none,0.0
"후드리지 리인포스먼트(뒤,좌)",,,,none,0.0
"후드리지 리인포스먼트(앞,우)",,,,none,0.0
"후드리지 리인포스먼트(앞,좌)",,,,none,0.0
후드리지 어퍼 ASSY(우측),,,,none,0.0
후드리지 어퍼 ASSY(좌측),,,,none,0.0
후드리지 어퍼 프론트(우측),,,,none,0.0
후드리지 어퍼 프론트(좌측),,,,none,0.0
후드리지 인너 리어(우측),,,,none,0.0
후드리지 인너 리어(좌측),,,,none,0.0
후드리지 인너 프론트(우측),,,,none,0.0
후드리지 인너 프론트(좌측),,,,none,0.0
후드리지 콘넥터 패널(우측),판금도장,33,후드 패널 도장,similarity,0.526
후드리지 콘넥터 패널(좌측),판금도장,33,후드 패널 도장,similarity,0.526
후드리지(우측),,,,none,0.0
후드리지(좌측),,,,none,0.0
후드쇼바(우측),,,,none,0.0
후드쇼바(좌측),,,,none,0.0
후드쇼버(좌측),,,,none,0.0
후드인슈레이션패드,,,,none,0.0
후드인슐레이션,,,,none,0.0
후드케이블,,,,none,0.0
후드힌지(우측),,,,none,0.0
후드힌지(좌측),,,,none,0.0
"후면유리(버스,끼움식)",,,,none,0.0
"후면유리(버스,접착식)",,,,none,0.0
후방 감지 센서,,,,none,0.0
후방 감지 센서(SPAS),,,,none,0.0
후방 사각 감지센서(1대분),,,,none,0.0
후방감지 센서,,,,none,0.0
후방감지센서,,,,none,0.0
후방카메라,,,,none,0.0
후측방경보유닛(우측),,,,none,0.0
후측방경보유닛(좌측),,,,none,0.0
휀다 브라켓(우측),,,,none,0.0
휀다 브라켓(좌측),,,,none,0.0
"휀다패널(뒤,우)",판금도장,2,휀더패널어셈블리(LH/범퍼탈부착미포함),similarity,0.5
"휀다패널(뒤,좌)",판금도장,2,휀더패널어셈블리(LH/범퍼탈부착미포함),similarity,0.5
"휀다패널(앞,우)",판금도장,2,휀더패널어셈블리(LH/범퍼탈부착미포함),similarity,0.5
"휀다패널(앞,좌)",판금도장,2,휀더패널어셈블리(LH/범퍼탈부착미포함),similarity,0.5
휠 얼라인먼트(기계식),기능정비,77,휠 얼라인먼트 조정(2휠),similarity,0.824
휠 얼라인먼트(전자식),기능정비,77,휠 얼라인먼트 조정(2휠),similarity,0.824
"휠(뒤,우)",기능정비,18,프런트 휠 가드 어셈블리 (양쪽),contains,0.75
"휠(뒤,좌)",기능정비,18,프런트 휠 가드 어셈블리 (양쪽),contains,0.75
"휠(앞,우)",기능정비,18,프런트 휠 가드 어셈블리 (양쪽),contains,0.75
"휠(앞,좌)",기능정비,18,프런트 휠 가드 어셈블리 (양쪽),contains,0.75
휠사이드패널(우측),판금도장,26,사이드실외측패널(LH/탈부착미포함),similarity,0.714
휠사이드패널(좌측),판금도장,26,사이드실외측패널(LH/탈부착미포함),similarity,0.714
휠얼라인먼트(기계식),기능정비,77,휠 얼라인먼트 조정(2휠),similarity,0.75
휠얼라인먼트(전자식),기능정비,77,휠 얼라인먼트 조정(2휠),similarity,0.75
"휠하우스 및 사이드멤버(우,대쉬",,,,none,0.0
"휠하우스 및 사이드멤버(우,전체",,,,none,0.0
휠하우스 및 사이드멤버(우측),,,,none,0.0
"휠하우스 및 사이드멤버(좌,대쉬",,,,none,0.0
"휠하우스 및 사이드멤버(좌,전체",,,,none,0.0
휠하우스 및 사이드멤버(좌측),,,,none,0.0
"휠하우스 브레이스(우,앞부분)",,,,none,0.0
휠하우스 브레이스(우측),,,,none,0.0
"휠하우스 브레이스(좌,앞부분)",,,,none,0.0
휠하우스 브레이스(좌측),,,,none,0.0
휠하우스 아우터 패널(우측),,,,none,0.0
휠하우스 아우터 패널(좌측),,,,none,0.0
휠하우스 엔진마운팅 패널(우측),,,,none,0.0
"휠하우스(화물,우)",,,,none,0.0
"휠하우스(화물,좌)",,,,none,0.0
휠하우스및사이드멤버 ASSY(우측),,,,none,0.0
휠하우스및사이드멤버(우측)대쉬앞,,,,none,0.0
휠하우스및사이드멤버(좌측)대쉬앞,,,,none,0.0
휠하우스및사이드멤버ASSY(좌측),,,,none,0.0
휠하우징패널(우측),,,,none,0.0
휠하우징패널(좌측),,,,none,0.0
흡기매니홀드,,,,none,0.0
흡기매니홀드(V8),,,,none,0.0
흡기매니홀드(V형),,,,none,0.0
흡기매니홀드(V형엔진),,,,none,0.0
"흡기매니홀드(가솔린,LPG)",,,,none,0.0
흡기매니홀드(디젤),,,,none,0.0
히터 및 에어컨 에버포레이터,,,,none,0.0
히터 유니트,,,,none,0.0
히터 유니트 및 에어컨 에버포레,,,,none,0.0
히터 유니트(앞),,,,none,0.0
히터UNIT,,,,none,0.0
히터모터(분리식),,,,none,0.0
히터및에버포레이터,,,,none,0.0
히터및에버포레이터(동시작업,,,,none,0.0
히터유니트,,,,none,0.0
히터유니트 및 에어컨에버포레이,,,,none,0.0
히터유니트&에어컨 에버포레이터,,,,none,0.0
